parent_unit,unit_type,group_name,folder_path,shp_path,has_shapefile,tree_key
Bumdelling Wildlife Sanctuary,PA,Aja Illicium griffithii Management group,D:\National NWFP Groups\Bumdelling Wildlife Sanctuary\Aja Illicium griffithii Management group,D:\National NWFP Groups\Bumdelling Wildlife Sanctuary\Aja Illicium griffithii Management group\Aja Illicium griffithii Management group.shp,True,ajailliciumgriffithiimanagementgroup
Bumdelling Wildlife Sanctuary,PA,Bumdir Herbal Tea Management Group,D:\National NWFP Groups\Bumdelling Wildlife Sanctuary\Bumdir Herbal Tea Management Group,D:\National NWFP Groups\Bumdelling Wildlife Sanctuary\Bumdir Herbal Tea Management Group\Bumdir Herbal Tea Management Group.shp,True,bumdirherbalteamanagementgroup
Bumdelling Wildlife Sanctuary,PA,Cheng NWFP Management Group,D:\National NWFP Groups\Bumdelling Wildlife Sanctuary\Cheng NWFP Management Group,D:\National NWFP Groups\Bumdelling Wildlife Sanctuary\Cheng NWFP Management Group\Cheng NWFP Management Group.shp,True,chengnwfpmanagementgroup
Bumdelling Wildlife Sanctuary,PA,Jabgang Cane (Plectocomia himalayana) NWFP group,D:\National NWFP Groups\Bumdelling Wildlife Sanctuary\Jabgang Cane (Plectocomia himalayana) NWFP group,D:\National NWFP Groups\Bumdelling Wildlife Sanctuary\Jabgang Cane (Plectocomia himalayana) NWFP group\Jabgang Cane (Plectocomia himalayana) NWFP group.shp,True,jabgangcaneplectocomiahimalayananwfpgroup
Bumdelling Wildlife Sanctuary,PA,Longkhar NWFP management group,D:\National NWFP Groups\Bumdelling Wildlife Sanctuary\Longkhar NWFP management group,D:\National NWFP Groups\Bumdelling Wildlife Sanctuary\Longkhar NWFP management group\Longkhar NWFP management group.shp,True,longkharnwfpmanagementgroup
Bumdelling Wildlife Sanctuary,PA,Singyedzong Sangzey Management group,D:\National NWFP Groups\Bumdelling Wildlife Sanctuary\Singyedzong Sangzey Management group,D:\National NWFP Groups\Bumdelling Wildlife Sanctuary\Singyedzong Sangzey Management group\Singyedzong Sangzey Management group.shp,True,singyedzongsangzeymanagementgroup
DFO Bumthang,DFO,Namther Throgmen Tshogpa,D:\National NWFP Groups\DFO Bumthang\Namther Throgmen Tshogpa,D:\National NWFP Groups\DFO Bumthang\Namther Throgmen Tshogpa\Namther Throgmen Tshogpa.shp,True,namtherthrogmentshogpa
DFO Dagana,DFO,Balung NWFP Management and marketing group,D:\National NWFP Groups\DFO Dagana\Balung NWFP Management and marketing group,D:\National NWFP Groups\DFO Dagana\Balung NWFP Management and marketing group\Balung NWFP Management and marketing group.shp,True,balungnwfpmanagementandmarketinggroup
DFO Dagana,DFO,Devitar Nagtshel Shingmen Tshogpa,D:\National NWFP Groups\DFO Dagana\Devitar Nagtshel Shingmen Tshogpa,D:\National NWFP Groups\DFO Dagana\Devitar Nagtshel Shingmen Tshogpa\Devitar Nagtshel Shingmen Tshogpa.shp,True,devitarnagtshelshingmentshogpa
DFO Dagana,DFO,Dorjiphu Nagtshel Shingmen Tshogpa,D:\National NWFP Groups\DFO Dagana\Dorjiphu Nagtshel Shingmen Tshogpa,D:\National NWFP Groups\DFO Dagana\Dorjiphu Nagtshel Shingmen Tshogpa\Dorjiphu Nagtshel Shingmen Tshogpa.shp,True,dorjiphunagtshelshingmentshogpa
DFO Gedu,DFO,Betar NWFP Group,D:\National NWFP Groups\DFO Gedu\Betar NWFP Group,D:\National NWFP Groups\DFO Gedu\Betar NWFP Group\Betar NWFP Group.shp,True,betarnwfpgroup
DFO Gedu,DFO,Sarphu Broom Grass Management Group,D:\National NWFP Groups\DFO Gedu\Sarphu Broom Grass Management Group,D:\National NWFP Groups\DFO Gedu\Sarphu Broom Grass Management Group\Sarphu Broom Grass Management Group.shp,True,sarphubroomgrassmanagementgroup
DFO Mongar,DFO,Balam Shingmen Detshen,D:\National NWFP Groups\DFO Mongar\Balam Shingmen Detshen,D:\National NWFP Groups\DFO Mongar\Balam Shingmen Detshen\Balam Shingmen Detshen.shp,True,balamshingmendetshen
DFO Mongar,DFO,Broksar Shingmen Thuenkhen Detshen,D:\National NWFP Groups\DFO Mongar\Broksar Shingmen Thuenkhen Detshen,D:\National NWFP Groups\DFO Mongar\Broksar Shingmen Thuenkhen Detshen\Broksar Shingmen Thuenkhen Detshen.shp,True,broksarshingmenthuenkhendetshen
DFO Mongar,DFO,Mangling Ragwang Chithuen Shingmen Detshen,D:\National NWFP Groups\DFO Mongar\Mangling Ragwang Chithuen Shingmen Detshen,D:\National NWFP Groups\DFO Mongar\Mangling Ragwang Chithuen Shingmen Detshen\Mangling Ragwang Chithuen Shingmen Detshen.shp,True,manglingragwangchithuenshingmendetshen
DFO Mongar,DFO,Ngatshang NWFP Management and Marketing Group,D:\National NWFP Groups\DFO Mongar\Ngatshang NWFP Management and Marketing Group,D:\National NWFP Groups\DFO Mongar\Ngatshang NWFP Management and Marketing Group\Ngatshang NWFP Management and Marketing Group.shp,True,ngatshangnwfpmanagementandmarketinggroup
DFO Mongar,DFO,Tsangkhar Shingmen Detsen,D:\National NWFP Groups\DFO Mongar\Tsangkhar Shingmen Detsen,D:\National NWFP Groups\DFO Mongar\Tsangkhar Shingmen Detsen\Tsangkhar Shingmen Detsen.shp,True,tsangkharshingmendetsen
DFO Mongar,DFO,Yengkhartsheng NWFP marketing and management group,D:\National NWFP Groups\DFO Mongar\Yengkhartsheng NWFP marketing and management group,,False,yengkhartshengnwfpmarketingandmanagementgroup
DFO Paro,DFO,Drakey Chinto Ngomen Tshogpa,D:\National NWFP Groups\DFO Paro\Drakey Chinto Ngomen Tshogpa,D:\National NWFP Groups\DFO Paro\Drakey Chinto Ngomen Tshogpa\Drakey Chinto Ngomen Tshogpa.shp,True,drakeychintongomentshogpa
DFO Pemagatshel,DFO,Bongman NWFP management and marketing group,D:\National NWFP Groups\DFO Pemagatshel\Bongman NWFP management and marketing group,D:\National NWFP Groups\DFO Pemagatshel\Bongman NWFP management and marketing group\Bongman NWFP management and marketing group.shp,True,bongmannwfpmanagementandmarketinggroup
DFO Pemagatshel,DFO,Chimong Gongphel Shingmen Thoenkey Detshen,D:\National NWFP Groups\DFO Pemagatshel\Chimong Gongphel Shingmen Thoenkey Detshen,D:\National NWFP Groups\DFO Pemagatshel\Chimong Gongphel Shingmen Thoenkey Detshen\Chimong Gongphel Shingmen Thoenkey Detshen.shp,True,chimonggongphelshingmenthoenkeydetshen
DFO Pemagatshel,DFO,Dagore Shingmen Gongphel Detshen,D:\National NWFP Groups\DFO Pemagatshel\Dagore Shingmen Gongphel Detshen,D:\National NWFP Groups\DFO Pemagatshel\Dagore Shingmen Gongphel Detshen\Dagore Shingmen Gongphel Detshen.shp,True,dagoreshingmengongpheldetshen
DFO Pemagatshel,DFO,Dezema NWFP Group,D:\National NWFP Groups\DFO Pemagatshel\Dezema NWFP Group,D:\National NWFP Groups\DFO Pemagatshel\Dezema NWFP Group\Dezema NWFP Group.shp,True,dezemanwfpgroup
DFO Pemagatshel,DFO,Gamung NWFP,D:\National NWFP Groups\DFO Pemagatshel\Gamung NWFP,D:\National NWFP Groups\DFO Pemagatshel\Gamung NWFP\Gamung NWFP.shp,True,gamungnwfp
DFO Pemagatshel,DFO,Gonpung Shingmen Detshen,D:\National NWFP Groups\DFO Pemagatshel\Gonpung Shingmen Detshen,D:\National NWFP Groups\DFO Pemagatshel\Gonpung Shingmen Detshen\Gonpung Shingmen Detshen.shp,True,gonpungshingmendetshen
DFO Pemagatshel,DFO,Kerong NWFP Group,D:\National NWFP Groups\DFO Pemagatshel\Kerong NWFP Group,D:\National NWFP Groups\DFO Pemagatshel\Kerong NWFP Group\Kerong NWFP Group.shp,True,kerongnwfpgroup
DFO Pemagatshel,DFO,Khengzor NWFP,D:\National NWFP Groups\DFO Pemagatshel\Khengzor NWFP,D:\National NWFP Groups\DFO Pemagatshel\Khengzor NWFP\Khengzor NWFP.shp,True,khengzornwfp
DFO Pemagatshel,DFO,Labar Chithuen NWFP,D:\National NWFP Groups\DFO Pemagatshel\Labar Chithuen NWFP,D:\National NWFP Groups\DFO Pemagatshel\Labar Chithuen NWFP\Labar Chithuen NWFP.shp,True,labarchithuennwfp
DFO Pemagatshel,DFO,Menchu pipla NWFP Group,D:\National NWFP Groups\DFO Pemagatshel\Menchu pipla NWFP Group,D:\National NWFP Groups\DFO Pemagatshel\Menchu pipla NWFP Group\Menchu pipla NWFP Group.shp,True,menchupiplanwfpgroup
DFO Pemagatshel,DFO,Ngangray NWFP Group,D:\National NWFP Groups\DFO Pemagatshel\Ngangray NWFP Group,D:\National NWFP Groups\DFO Pemagatshel\Ngangray NWFP Group\Ngangray NWFP Group.shp,True,ngangraynwfpgroup
DFO Pemagatshel,DFO,Norbugang NWFP Group,D:\National NWFP Groups\DFO Pemagatshel\Norbugang NWFP Group,D:\National NWFP Groups\DFO Pemagatshel\Norbugang NWFP Group\Norbugang NWFP Group.shp,True,norbugangnwfpgroup
DFO Pemagatshel,DFO,Tokari Shingmen Detshen,D:\National NWFP Groups\DFO Pemagatshel\Tokari Shingmen Detshen,D:\National NWFP Groups\DFO Pemagatshel\Tokari Shingmen Detshen\Tokari Shingmen Detshen.shp,True,tokarishingmendetshen
DFO Pemagatshel,DFO,Tomi-Zimzore NWFP group,D:\National NWFP Groups\DFO Pemagatshel\Tomi-Zimzore NWFP group,D:\National NWFP Groups\DFO Pemagatshel\Tomi-Zimzore NWFP group\Tomi-Zimzore NWFP group.shp,True,tomizimzorenwfpgroup
DFO Pemagatshel,DFO,Tshelingore NWFP Management and Marketing Group,D:\National NWFP Groups\DFO Pemagatshel\Tshelingore NWFP Management and Marketing Group,D:\National NWFP Groups\DFO Pemagatshel\Tshelingore NWFP Management and Marketing Group\Tshelingore NWFP Management and Marketing Group.shp,True,tshelingorenwfpmanagementandmarketinggroup
DFO Pemagatshel,DFO,Wongborang NWFP group,D:\National NWFP Groups\DFO Pemagatshel\Wongborang NWFP group,D:\National NWFP Groups\DFO Pemagatshel\Wongborang NWFP group\Wongborang NWFP group.shp,True,wongborangnwfpgroup
DFO Pemagatshel,DFO,Wongchelo Chigthuen Tshogpa,D:\National NWFP Groups\DFO Pemagatshel\Wongchelo Chigthuen Tshogpa,D:\National NWFP Groups\DFO Pemagatshel\Wongchelo Chigthuen Tshogpa\Wongchelo Chigthuen Tshogpa.shp,True,wongchelochigthuentshogpa
DFO Pemagatshel,DFO,Yangmalashing NWFP management group (Yangmalashing Pipla Group),D:\National NWFP Groups\DFO Pemagatshel\Yangmalashing NWFP management group (Yangmalashing Pipla Group),D:\National NWFP Groups\DFO Pemagatshel\Yangmalashing NWFP management group (Yangmalashing Pipla Group)\Yangmalashing NWFP management group (Yangmalashing Pipla Group).shp,True,yangmalashingnwfpmanagementgroupyangmalashingpiplagroup
DFO Samchi,DFO,Majuwa_Pangkha NWFP management and marketing group,D:\National NWFP Groups\DFO Samchi\Majuwa_Pangkha NWFP management and marketing group,D:\National NWFP Groups\DFO Samchi\Majuwa_Pangkha NWFP management and marketing group\Majuwa_Pangkha NWFP management and marketing group.shp,True,majuwapangkhanwfpmanagementandmarketinggroup
DFO Samchi,DFO,Namseling NWFP management Group,D:\National NWFP Groups\DFO Samchi\Namseling NWFP management Group,D:\National NWFP Groups\DFO Samchi\Namseling NWFP management Group\Namseling NWFP management Group.shp,True,namselingnwfpmanagementgroup
DFO Samdrup Jongkhar,DFO,Denchi Non-Wood Forest Products Management Group,D:\National NWFP Groups\DFO Samdrup Jongkhar\Denchi Non-Wood Forest Products Management Group,D:\National NWFP Groups\DFO Samdrup Jongkhar\Denchi Non-Wood Forest Products Management Group\Denchi Non-Wood Forest Products Management Group.shp,True,denchinonwoodforestproductsmanagementgroup
DFO Samdrup Jongkhar,DFO,Dupthob Shingmin Detshen,D:\National NWFP Groups\DFO Samdrup Jongkhar\Dupthob Shingmin Detshen,D:\National NWFP Groups\DFO Samdrup Jongkhar\Dupthob Shingmin Detshen\Dupthob Shingmin Detshen.shp,True,dupthobshingmindetshen
DFO Samdrup Jongkhar,DFO,Pangthang NWFP Group,D:\National NWFP Groups\DFO Samdrup Jongkhar\Pangthang NWFP Group,D:\National NWFP Groups\DFO Samdrup Jongkhar\Pangthang NWFP Group\Pangthang NWFP Group.shp,True,pangthangnwfpgroup
DFO Samdrup Jongkhar,DFO,Perung-Bargoenpa NWFP group,D:\National NWFP Groups\DFO Samdrup Jongkhar\Perung-Bargoenpa NWFP group,D:\National NWFP Groups\DFO Samdrup Jongkhar\Perung-Bargoenpa NWFP group\Perung-Bargoenpa NWFP group.shp,True,perungbargoenpanwfpgroup
DFO Samdrup Jongkhar,DFO,Potala Shingmin Drongdey Nagtshel,D:\National NWFP Groups\DFO Samdrup Jongkhar\Potala Shingmin Drongdey Nagtshel,D:\National NWFP Groups\DFO Samdrup Jongkhar\Potala Shingmin Drongdey Nagtshel\Potala Shingmin Drongdey Nagtshel.shp,True,potalashingmindrongdeynagtshel
DFO Samdrup Jongkhar,DFO,Remung Lhuendrup Shingmin Gongphel Detshen,D:\National NWFP Groups\DFO Samdrup Jongkhar\Remung Lhuendrup Shingmin Gongphel Detshen,D:\National NWFP Groups\DFO Samdrup Jongkhar\Remung Lhuendrup Shingmin Gongphel Detshen\Remung Lhuendrup Shingmin Gongphel Detshen.shp,True,remunglhuendrupshingmingongpheldetshen
DFO Samdrup Jongkhar,DFO,Thungshing Yubephodrang Shingmin Detshen,D:\National NWFP Groups\DFO Samdrup Jongkhar\Thungshing Yubephodrang Shingmin Detshen,D:\National NWFP Groups\DFO Samdrup Jongkhar\Thungshing Yubephodrang Shingmin Detshen\Thungshing Yubephodrang Shingmin Detshen.shp,True,thungshingyubephodrangshingmindetshen
DFO Sarpang,DFO,Bumpa Shingmin Dulen Tshopa,D:\National NWFP Groups\DFO Sarpang\Bumpa Shingmin Dulen Tshopa,D:\National NWFP Groups\DFO Sarpang\Bumpa Shingmin Dulen Tshopa\Bumpa Shingmin Dulen Tshopa.shp,True,bumpashingmindulentshopa
DFO Sarpang,DFO,Doringphu NWFP Management and Marketing Group,D:\National NWFP Groups\DFO Sarpang\Doringphu NWFP Management and Marketing Group,D:\National NWFP Groups\DFO Sarpang\Doringphu NWFP Management and Marketing Group\Doringphu NWFP Management and Marketing Group.shp,True,doringphunwfpmanagementandmarketinggroup
DFO Sarpang,DFO,Pemaling Pagshing Tshopa,D:\National NWFP Groups\DFO Sarpang\Pemaling Pagshing Tshopa,D:\National NWFP Groups\DFO Sarpang\Pemaling Pagshing Tshopa\Pemaling Pagshing Tshopa.shp,True,pemalingpagshingtshopa
DFO Sarpang,DFO,Sangkha NWFP Group,D:\National NWFP Groups\DFO Sarpang\Sangkha NWFP Group,D:\National NWFP Groups\DFO Sarpang\Sangkha NWFP Group\Sangkha NWFP Group.shp,True,sangkhanwfpgroup
DFO Sarpang,DFO,Tashiling Shingmin Dulen and Tsongdrel Tshogpa,D:\National NWFP Groups\DFO Sarpang\Tashiling Shingmin Dulen and Tsongdrel Tshogpa,D:\National NWFP Groups\DFO Sarpang\Tashiling Shingmin Dulen and Tsongdrel Tshogpa\Tashiling Shingmin Dulen and Tsongdrel Tshogpa.shp,True,tashilingshingmindulenandtsongdreltshogpa
DFO Trashigang,DFO,Beypam Sorbang Bangtse Group,D:\National NWFP Groups\DFO Trashigang\Beypam Sorbang Bangtse Group,D:\National NWFP Groups\DFO Trashigang\Beypam Sorbang Bangtse Group\Beypam Sorbang Bangtse Group.shp,True,beypamsorbangbangtsegroup
DFO Trashigang,DFO,Bimkhar Bamboo Management Group,D:\National NWFP Groups\DFO Trashigang\Bimkhar Bamboo Management Group,D:\National NWFP Groups\DFO Trashigang\Bimkhar Bamboo Management Group\Bimkhar Bamboo Management Group.shp,True,bimkharbamboomanagementgroup
DFO Trashigang,DFO,Gengkhar Bangsee Group  Bangtshe,D:\National NWFP Groups\DFO Trashigang\Gengkhar Bangsee Group  Bangtshe,D:\National NWFP Groups\DFO Trashigang\Gengkhar Bangsee Group  Bangtshe\Gengkhar Bangsee Group  Bangtshe.shp,True,gengkharbangseegroupbangtshe
DFO Trashigang,DFO,Udzorong Lemon grass group,D:\National NWFP Groups\DFO Trashigang\Udzorong Lemon grass group,D:\National NWFP Groups\DFO Trashigang\Udzorong Lemon grass group\Udzorong Lemon grass group.shp,True,udzoronglemongrassgroup
DFO Tsirang,DFO,Batasey Non-Wood Forest Products Group,D:\National NWFP Groups\DFO Tsirang\Batasey Non-Wood Forest Products Group,D:\National NWFP Groups\DFO Tsirang\Batasey Non-Wood Forest Products Group\Batasey Non-Wood Forest Products Group.shp,True,bataseynonwoodforestproductsgroup
DFO Tsirang,DFO,Serzhong and Menchuna NWFP management & marketing Group,D:\National NWFP Groups\DFO Tsirang\Serzhong and Menchuna NWFP management & marketing Group,D:\National NWFP Groups\DFO Tsirang\Serzhong and Menchuna NWFP management & marketing Group\Serzhong and Menchuna NWFP management & marketing Group.shp,True,serzhongandmenchunanwfpmanagementandmarketinggroup
DFO Tsirang,DFO,Tashiling Non-wood Forest Products Management & Marketing Group,D:\National NWFP Groups\DFO Tsirang\Tashiling Non-wood Forest Products Management & Marketing Group,D:\National NWFP Groups\DFO Tsirang\Tashiling Non-wood Forest Products Management & Marketing Group\Tashiling Non-wood Forest Products Management & Marketing Group.shp,True,tashilingnonwoodforestproductsmanagementandmarketinggroup
DFO Zhemgang,DFO,Bjoka NWFP management and marketing group,D:\National NWFP Groups\DFO Zhemgang\Bjoka NWFP management and marketing group,D:\National NWFP Groups\DFO Zhemgang\Bjoka NWFP management and marketing group\Bjoka NWFP management and marketing group.shp,True,bjokanwfpmanagementandmarketinggroup
DFO Zhemgang,DFO,Dali Shingmen Tshogpa,D:\National NWFP Groups\DFO Zhemgang\Dali Shingmen Tshogpa,D:\National NWFP Groups\DFO Zhemgang\Dali Shingmen Tshogpa\Dali Shingmen Tshogpa.shp,True,dalishingmentshogpa
DFO Zhemgang,DFO,Goling Jamphel Thoenkhung Tshogpa,D:\National NWFP Groups\DFO Zhemgang\Goling Jamphel Thoenkhung Tshogpa,D:\National NWFP Groups\DFO Zhemgang\Goling Jamphel Thoenkhung Tshogpa\Goling Jamphel Thoenkhung Tshogpa.shp,True,golingjamphelthoenkhungtshogpa
DFO Zhemgang,DFO,Kamati Pipla Management Group,D:\National NWFP Groups\DFO Zhemgang\Kamati Pipla Management Group,D:\National NWFP Groups\DFO Zhemgang\Kamati Pipla Management Group\Kamati Pipla Management Group.shp,True,kamatipiplamanagementgroup
DFO Zhemgang,DFO,Lamtang NWFP Management and Marketing Group,D:\National NWFP Groups\DFO Zhemgang\Lamtang NWFP Management and Marketing Group,D:\National NWFP Groups\DFO Zhemgang\Lamtang NWFP Management and Marketing Group\Lamtang NWFP Management and Marketing Group.shp,True,lamtangnwfpmanagementandmarketinggroup
DFO Zhemgang,DFO,Marangduth NWFP Management and Marketing Group,D:\National NWFP Groups\DFO Zhemgang\Marangduth NWFP Management and Marketing Group,D:\National NWFP Groups\DFO Zhemgang\Marangduth NWFP Management and Marketing Group\Marangduth NWFP Management and Marketing Group.shp,True,marangduthnwfpmanagementandmarketinggroup
DFO Zhemgang,DFO,Ngangla Trong Singmen Tshogpa,D:\National NWFP Groups\DFO Zhemgang\Ngangla Trong Singmen Tshogpa,D:\National NWFP Groups\DFO Zhemgang\Ngangla Trong Singmen Tshogpa\Ngangla Trong Singmen Tshogpa.shp,True,nganglatrongsingmentshogpa
DFO Zhemgang,DFO,Shobling Singmen Tshopka,D:\National NWFP Groups\DFO Zhemgang\Shobling Singmen Tshopka,D:\National NWFP Groups\DFO Zhemgang\Shobling Singmen Tshopka\Shobling Singmen Tshopka.shp,True,shoblingsingmentshopka
DFO Zhemgang,DFO,Tsaidang Shingmenn Tshogpa,D:\National NWFP Groups\DFO Zhemgang\Tsaidang Shingmenn Tshogpa,D:\National NWFP Groups\DFO Zhemgang\Tsaidang Shingmenn Tshogpa\Tsaidang Shingmenn Tshogpa.shp,True,tsaidangshingmenntshogpa
Jigme Dorji National Park,PA,Gangri Phunsum Ngomen Tshokpa,D:\National NWFP Groups\Jigme Dorji National Park\Gangri Phunsum Ngomen Tshokpa,D:\National NWFP Groups\Jigme Dorji National Park\Gangri Phunsum Ngomen Tshokpa\Gangri Phunsum Ngomen Tshokpa.shp,True,gangriphunsumngomentshokpa
Jigme Dorji National Park,PA,Jomolhari Ngomoen Tshogpa,D:\National NWFP Groups\Jigme Dorji National Park\Jomolhari Ngomoen Tshogpa,D:\National NWFP Groups\Jigme Dorji National Park\Jomolhari Ngomoen Tshogpa\Jomolhari Ngomoen Tshogpa.shp,True,jomolharingomoentshogpa
Jigme Dorji National Park,PA,Laya Ngomen Tshokpa,D:\National NWFP Groups\Jigme Dorji National Park\Laya Ngomen Tshokpa,D:\National NWFP Groups\Jigme Dorji National Park\Laya Ngomen Tshokpa\Laya Ngomen Tshokpa.shp,True,layangomentshokpa
Jigme Dorji National Park,PA,Lingzhi Ngomen Tshogpa,D:\National NWFP Groups\Jigme Dorji National Park\Lingzhi Ngomen Tshogpa,D:\National NWFP Groups\Jigme Dorji National Park\Lingzhi Ngomen Tshogpa\Lingzhi Ngomen Tshogpa.shp,True,lingzhingomentshogpa
Jigme Dorji National Park,PA,Yaksa Ngomoen Tshogpoa,D:\National NWFP Groups\Jigme Dorji National Park\Yaksa Ngomoen Tshogpoa,D:\National NWFP Groups\Jigme Dorji National Park\Yaksa Ngomoen Tshogpoa\Yaksa Ngomoen Tshogpoa.shp,True,yaksangomoentshogpoa
Jigme Singye Wangchuck National Park,PA,Mongpa Selwai Yoezer Tshokpa,D:\National NWFP Groups\Jigme Singye Wangchuck National Park\Mongpa Selwai Yoezer Tshokpa,D:\National NWFP Groups\Jigme Singye Wangchuck National Park\Mongpa Selwai Yoezer Tshokpa\Mongpa Selwai Yoezer Tshokpa.shp,True,mongpaselwaiyoezertshokpa
Jomotshangkha Wildlife Sanctuary,PA,Barkalangna Shingmein Thuenkyed Tshogpa,D:\National NWFP Groups\Jomotshangkha Wildlife Sanctuary\Barkalangna Shingmein Thuenkyed Tshogpa,D:\National NWFP Groups\Jomotshangkha Wildlife Sanctuary\Barkalangna Shingmein Thuenkyed Tshogpa\Barkalangna Shingmein Thuenkyed Tshogpa.shp,True,barkalangnashingmeinthuenkyedtshogpa
Jomotshangkha Wildlife Sanctuary,PA,Beytseling Shingmein Yargay Gongphel Tshogpa,D:\National NWFP Groups\Jomotshangkha Wildlife Sanctuary\Beytseling Shingmein Yargay Gongphel Tshogpa,D:\National NWFP Groups\Jomotshangkha Wildlife Sanctuary\Beytseling Shingmein Yargay Gongphel Tshogpa\Beytseling Shingmein Yargay Gongphel Tshogpa.shp,True,beytselingshingmeinyargaygongpheltshogpa
Jomotshangkha Wildlife Sanctuary,PA,Chitori Shingmein Thuenkyed,D:\National NWFP Groups\Jomotshangkha Wildlife Sanctuary\Chitori Shingmein Thuenkyed,D:\National NWFP Groups\Jomotshangkha Wildlife Sanctuary\Chitori Shingmein Thuenkyed\Chitori Shingmein Thuenkyed.shp,True,chitorishingmeinthuenkyed
Jomotshangkha Wildlife Sanctuary,PA,Dephu Shingmein Thuenkyed Tshogpa,D:\National NWFP Groups\Jomotshangkha Wildlife Sanctuary\Dephu Shingmein Thuenkyed Tshogpa,D:\National NWFP Groups\Jomotshangkha Wildlife Sanctuary\Dephu Shingmein Thuenkyed Tshogpa\Dephu Shingmein Thuenkyed Tshogpa.shp,True,dephushingmeinthuenkyedtshogpa
Jomotshangkha Wildlife Sanctuary,PA,Dungmanma Shingmein Gakey Pelzom,D:\National NWFP Groups\Jomotshangkha Wildlife Sanctuary\Dungmanma Shingmein Gakey Pelzom,D:\National NWFP Groups\Jomotshangkha Wildlife Sanctuary\Dungmanma Shingmein Gakey Pelzom\Dungmanma Shingmein Gakey Pelzom.shp,True,dungmanmashingmeingakeypelzom
Jomotshangkha Wildlife Sanctuary,PA,Kakanay Shingmein Thuenkyed Tshogpa,D:\National NWFP Groups\Jomotshangkha Wildlife Sanctuary\Kakanay Shingmein Thuenkyed Tshogpa,D:\National NWFP Groups\Jomotshangkha Wildlife Sanctuary\Kakanay Shingmein Thuenkyed Tshogpa\Kakanay Shingmein Thuenkyed Tshogpa.shp,True,kakanayshingmeinthuenkyedtshogpa
Jomotshangkha Wildlife Sanctuary,PA,Lauri Gaki Shingmein Thuenkyed Tshogpa,D:\National NWFP Groups\Jomotshangkha Wildlife Sanctuary\Lauri Gaki Shingmein Thuenkyed Tshogpa,D:\National NWFP Groups\Jomotshangkha Wildlife Sanctuary\Lauri Gaki Shingmein Thuenkyed Tshogpa\Lauri Gaki Shingmein Thuenkyed Tshogpa.shp,True,laurigakishingmeinthuenkyedtshogpa
Jomotshangkha Wildlife Sanctuary,PA,Mawong Chirphen Shingmein Thuenkyed Tshogpa,D:\National NWFP Groups\Jomotshangkha Wildlife Sanctuary\Mawong Chirphen Shingmein Thuenkyed Tshogpa,D:\National NWFP Groups\Jomotshangkha Wildlife Sanctuary\Mawong Chirphen Shingmein Thuenkyed Tshogpa\Mawong Chirphen Shingmein Thuenkyed Tshogpa.shp,True,mawongchirphenshingmeinthuenkyedtshogpa
Jomotshangkha Wildlife Sanctuary,PA,Momring Shingmein Thuenkyed Tshogpa,D:\National NWFP Groups\Jomotshangkha Wildlife Sanctuary\Momring Shingmein Thuenkyed Tshogpa,D:\National NWFP Groups\Jomotshangkha Wildlife Sanctuary\Momring Shingmein Thuenkyed Tshogpa\Momring Shingmein Thuenkyed Tshogpa.shp,True,momringshingmeinthuenkyedtshogpa
Jomotshangkha Wildlife Sanctuary,PA,Patpanadang Shingmein Dondru tshogpa,D:\National NWFP Groups\Jomotshangkha Wildlife Sanctuary\Patpanadang Shingmein Dondru tshogpa,D:\National NWFP Groups\Jomotshangkha Wildlife Sanctuary\Patpanadang Shingmein Dondru tshogpa\Patpanadang Shingmein Dondru tshogpa.shp,True,patpanadangshingmeindondrutshogpa
Jomotshangkha Wildlife Sanctuary,PA,Raynang Shingmein Thuenkyed Tshogpa,D:\National NWFP Groups\Jomotshangkha Wildlife Sanctuary\Raynang Shingmein Thuenkyed Tshogpa,D:\National NWFP Groups\Jomotshangkha Wildlife Sanctuary\Raynang Shingmein Thuenkyed Tshogpa\Raynang Shingmein Thuenkyed Tshogpa.shp,True,raynangshingmeinthuenkyedtshogpa
Jomotshangkha Wildlife Sanctuary,PA,Risum Tsholing Shingmein Thuenkyed Tshogpa,D:\National NWFP Groups\Jomotshangkha Wildlife Sanctuary\Risum Tsholing Shingmein Thuenkyed Tshogpa,D:\National NWFP Groups\Jomotshangkha Wildlife Sanctuary\Risum Tsholing Shingmein Thuenkyed Tshogpa\Risum Tsholing Shingmein Thuenkyed Tshogpa.shp,True,risumtsholingshingmeinthuenkyedtshogpa
Jomotshangkha Wildlife Sanctuary,PA,Samten Shingmen Thuenkyed Tshogpa,D:\National NWFP Groups\Jomotshangkha Wildlife Sanctuary\Samten Shingmen Thuenkyed Tshogpa,D:\National NWFP Groups\Jomotshangkha Wildlife Sanctuary\Samten Shingmen Thuenkyed Tshogpa\Samten Shingmen Thuenkyed Tshogpa.shp,True,samtenshingmenthuenkyedtshogpa
Jomotshangkha Wildlife Sanctuary,PA,Serthi Shingmein Thuenkyed Tshogpa,D:\National NWFP Groups\Jomotshangkha Wildlife Sanctuary\Serthi Shingmein Thuenkyed Tshogpa,D:\National NWFP Groups\Jomotshangkha Wildlife Sanctuary\Serthi Shingmein Thuenkyed Tshogpa\Serthi Shingmein Thuenkyed Tshogpa.shp,True,serthishingmeinthuenkyedtshogpa
Jomotshangkha Wildlife Sanctuary,PA,Tashithangjay Shingmein Thunekyed Tshogpa,D:\National NWFP Groups\Jomotshangkha Wildlife Sanctuary\Tashithangjay Shingmein Thunekyed Tshogpa,D:\National NWFP Groups\Jomotshangkha Wildlife Sanctuary\Tashithangjay Shingmein Thunekyed Tshogpa\Tashithangjay Shingmein Thunekyed Tshogpa.shp,True,tashithangjayshingmeinthunekyedtshogpa
Jomotshangkha Wildlife Sanctuary,PA,Thekcho Choeling Gonpa Shingmein Tshogpa,D:\National NWFP Groups\Jomotshangkha Wildlife Sanctuary\Thekcho Choeling Gonpa Shingmein Tshogpa,D:\National NWFP Groups\Jomotshangkha Wildlife Sanctuary\Thekcho Choeling Gonpa Shingmein Tshogpa\Thekcho Choeling Gonpa Shingmein Tshogpa.shp,True,thekchochoelinggonpashingmeintshogpa
Jomotshangkha Wildlife Sanctuary,PA,Woongthi Shingmein Natshok Thuendrel Tshogpa,D:\National NWFP Groups\Jomotshangkha Wildlife Sanctuary\Woongthi Shingmein Natshok Thuendrel Tshogpa,D:\National NWFP Groups\Jomotshangkha Wildlife Sanctuary\Woongthi Shingmein Natshok Thuendrel Tshogpa\Woongthi Shingmein Natshok Thuendrel Tshogpa.shp,True,woongthishingmeinnatshokthuendreltshogpa
Jomotshangkha Wildlife Sanctuary,PA,Zangthi-Tshothang Shingmein Thuenkyed Tshogpa,D:\National NWFP Groups\Jomotshangkha Wildlife Sanctuary\Zangthi-Tshothang Shingmein Thuenkyed Tshogpa,D:\National NWFP Groups\Jomotshangkha Wildlife Sanctuary\Zangthi-Tshothang Shingmein Thuenkyed Tshogpa\Zangthi-Tshothang Shingmein Thuenkyed Tshogpa.shp,True,zangthitshothangshingmeinthuenkyedtshogpa
Phrumsengla National Park,PA,Ura Mushroom Conservation and Marketing Group,D:\National NWFP Groups\Phrumsengla National Park\Ura Mushroom Conservation and Marketing Group,D:\National NWFP Groups\Phrumsengla National Park\Ura Mushroom Conservation and Marketing Group\Ura Mushroom Conservation and Marketing Group.shp,True,uramushroomconservationandmarketinggroup
Royal Manas National Park,PA,Mamung Bamboo Management group,D:\National NWFP Groups\Royal Manas National Park\Mamung Bamboo Management group,D:\National NWFP Groups\Royal Manas National Park\Mamung Bamboo Management group\Mamung Bamboo Management group.shp,True,mamungbamboomanagementgroup
Royal Manas National Park,PA,Panabe NWFP Group,D:\National NWFP Groups\Royal Manas National Park\Panabe NWFP Group,D:\National NWFP Groups\Royal Manas National Park\Panabe NWFP Group\Panabe NWFP Group.shp,True,panabenwfpgroup
Royal Manas National Park,PA,Pongchula Pema Choling Tsharzaw Group,D:\National NWFP Groups\Royal Manas National Park\Pongchula Pema Choling Tsharzaw Group,D:\National NWFP Groups\Royal Manas National Park\Pongchula Pema Choling Tsharzaw Group\Pongchula Pema Choling Tsharzaw Group.shp,True,pongchulapemacholingtsharzawgroup
Royal Manas National Park,PA,Salapong NWFP group,D:\National NWFP Groups\Royal Manas National Park\Salapong NWFP group,D:\National NWFP Groups\Royal Manas National Park\Salapong NWFP group\Salapong NWFP group.shp,True,salapongnwfpgroup
Royal Manas National Park,PA,Zangbe shingmen Duelen Dang Tshongdrel Dhetshen,D:\National NWFP Groups\Royal Manas National Park\Zangbe shingmen Duelen Dang Tshongdrel Dhetshen,D:\National NWFP Groups\Royal Manas National Park\Zangbe shingmen Duelen Dang Tshongdrel Dhetshen\Zangbe shingmen Duelen Dang Tshongdrel Dhetshen.shp,True,zangbeshingmenduelendangtshongdreldhetshen
Sakteng Wildlife Sanctuary,PA,Kuenphen Poina Tshokpa,D:\National NWFP Groups\Sakteng Wildlife Sanctuary\Kuenphen Poina Tshokpa,D:\National NWFP Groups\Sakteng Wildlife Sanctuary\Kuenphen Poina Tshokpa\Kuenphen Poina Tshokpa.shp,True,kuenphenpoinatshokpa
Sakteng Wildlife Sanctuary,PA,Sakteng Lhayul Sangzey Detshen,D:\National NWFP Groups\Sakteng Wildlife Sanctuary\Sakteng Lhayul Sangzey Detshen,D:\National NWFP Groups\Sakteng Wildlife Sanctuary\Sakteng Lhayul Sangzey Detshen\Sakteng Lhayul Sangzey Detshen.shp,True,saktenglhayulsangzeydetshen
Wangchuck Centennial National Park,PA,Ney Kuenphen Jakpai Tshogpa,D:\National NWFP Groups\Wangchuck Centennial National Park\Ney Kuenphen Jakpai Tshogpa,D:\National NWFP Groups\Wangchuck Centennial National Park\Ney Kuenphen Jakpai Tshogpa\Ney Kuenphen Jakpai Tshogpa.shp,True,neykuenphenjakpaitshogpa
Wangchuck Centennial National Park,PA,Sephu NWFP management group,D:\National NWFP Groups\Wangchuck Centennial National Park\Sephu NWFP management group,D:\National NWFP Groups\Wangchuck Centennial National Park\Sephu NWFP management group\Sephu NWFP management group.shp,True,sephunwfpmanagementgroup
Wangchuck Centennial National Park,PA,Tangpa Shingmein Menrig Detshen,D:\National NWFP Groups\Wangchuck Centennial National Park\Tangpa Shingmein Menrig Detshen,D:\National NWFP Groups\Wangchuck Centennial National Park\Tangpa Shingmein Menrig Detshen\Tangpa Shingmein Menrig Detshen.shp,True,tangpashingmeinmenrigdetshen
Wangchuck Centennial National Park,PA,Tshamdrok Tshosum Shingmen Detshen,D:\National NWFP Groups\Wangchuck Centennial National Park\Tshamdrok Tshosum Shingmen Detshen,D:\National NWFP Groups\Wangchuck Centennial National Park\Tshamdrok Tshosum Shingmen Detshen\Tshamdrok Tshosum Shingmen Detshen.shp,True,tshamdroktshosumshingmendetshen
