"shp_path","office_name","group_name","status","message"
"D:/NATIONAL NWFP GROUPS/Bumdelling Wildlife Sanctuary/Aja Illicium griffithii Management group/Aja Illicium griffithii Management group.shp","Bumdelling Wildlife Sanctuary","Aja Illicium griffithii Management group","OK","Read successfully"
"D:/NATIONAL NWFP GROUPS/Bumdelling Wildlife Sanctuary/Bumdir Herbal Tea Management Group/Bumdir Herbal Tea Management Group.shp","Bumdelling Wildlife Sanctuary","Bumdir Herbal Tea Management Group","OK","Read successfully"
"D:/NATIONAL NWFP GROUPS/Bumdelling Wildlife Sanctuary/Cheng NWFP Management Group/Cheng NWFP Management Group.shp","Bumdelling Wildlife Sanctuary","Cheng NWFP Management Group","OK","Read successfully"
"D:/NATIONAL NWFP GROUPS/Bumdelling Wildlife Sanctuary/Jabgang Cane (Plectocomia himalayana) NWFP group/Jabgang Cane (Plectocomia himalayana) NWFP group.shp","Bumdelling Wildlife Sanctuary","Jabgang Cane (Plectocomia himalayana) NWFP group","OK","Read successfully"
"D:/NATIONAL NWFP GROUPS/Bumdelling Wildlife Sanctuary/Longkhar NWFP management group/Longkhar NWFP management group.shp","Bumdelling Wildlife Sanctuary","Longkhar NWFP management group","OK","Read successfully"
"D:/NATIONAL NWFP GROUPS/Bumdelling Wildlife Sanctuary/Singyedzong Sangzey Management group/Singyedzong Sangzey Management group.shp","Bumdelling Wildlife Sanctuary","Singyedzong Sangzey Management group","OK","Read successfully"
"D:/NATIONAL NWFP GROUPS/DFO Bumthang/Namther Throgmen Tshogpa/Namther Throgmen Tshogpa.shp","DFO Bumthang","Namther Throgmen Tshogpa","OK","Read successfully"
"D:/NATIONAL NWFP GROUPS/DFO Dagana/Balung NWFP Management and marketing group/Balung NWFP Management and marketing group.shp","DFO Dagana","Balung NWFP Management and marketing group","OK","Read successfully"
"D:/NATIONAL NWFP GROUPS/DFO Dagana/Devitar Nagtshel Shingmen Tshogpa/Devitar Nagtshel Shingmen Tshogpa.shp","DFO Dagana","Devitar Nagtshel Shingmen Tshogpa","OK","Read successfully"
"D:/NATIONAL NWFP GROUPS/DFO Dagana/Dorjiphu Nagtshel Shingmen Tshogpa/Dorjiphu Nagtshel Shingmen Tshogpa.shp","DFO Dagana","Dorjiphu Nagtshel Shingmen Tshogpa","OK","Read successfully"
"D:/NATIONAL NWFP GROUPS/DFO Gedu/Betar NWFP Group/Betar NWFP Group.shp","DFO Gedu","Betar NWFP Group","OK","Read successfully"
"D:/NATIONAL NWFP GROUPS/DFO Gedu/Sarphu Broom Grass Management Group/Sarphu Broom Grass Management Group.shp","DFO Gedu","Sarphu Broom Grass Management Group","OK","Read successfully"
"D:/NATIONAL NWFP GROUPS/DFO Mongar/Balam Shingmen Detshen/Balam Shingmen Detshen.shp","DFO Mongar","Balam Shingmen Detshen","OK","Read successfully"
"D:/NATIONAL NWFP GROUPS/DFO Mongar/Broksar Shingmen Thuenkhen Detshen/Broksar Shingmen Thuenkhen Detshen.shp","DFO Mongar","Broksar Shingmen Thuenkhen Detshen","OK","Read successfully"
"D:/NATIONAL NWFP GROUPS/DFO Mongar/Mangling Ragwang Chithuen Shingmen Detshen/Mangling Ragwang Chithuen Shingmen Detshen.shp","DFO Mongar","Mangling Ragwang Chithuen Shingmen Detshen","OK","Read successfully"
"D:/NATIONAL NWFP GROUPS/DFO Mongar/Ngatshang NWFP Management and Marketing Group/Ngatshang NWFP Management and Marketing Group.shp","DFO Mongar","Ngatshang NWFP Management and Marketing Group","OK","Read successfully"
"D:/NATIONAL NWFP GROUPS/DFO Mongar/Tsangkhar Shingmen Detsen/Tsangkhar Shingmen Detsen.shp","DFO Mongar","Tsangkhar Shingmen Detsen","OK","Read successfully"
"D:/NATIONAL NWFP GROUPS/DFO Paro/Drakey Chinto Ngomen Tshogpa/Drakey Chinto Ngomen Tshogpa.shp","DFO Paro","Drakey Chinto Ngomen Tshogpa","OK","Read successfully"
"D:/NATIONAL NWFP GROUPS/DFO Pemagatshel/Bongman NWFP management and marketing group/Bongman NWFP management and marketing group.shp","DFO Pemagatshel","Bongman NWFP management and marketing group","OK","Read successfully"
"D:/NATIONAL NWFP GROUPS/DFO Pemagatshel/Chimong Gongphel Shingmen Thoenkey Detshen/Chimong Gongphel Shingmen Thoenkey Detshen.shp","DFO Pemagatshel","Chimong Gongphel Shingmen Thoenkey Detshen","OK","Read successfully"
"D:/NATIONAL NWFP GROUPS/DFO Pemagatshel/Dagore Shingmen Gongphel Detshen/Dagore Shingmen Gongphel Detshen.shp","DFO Pemagatshel","Dagore Shingmen Gongphel Detshen","OK","Read successfully"
"D:/NATIONAL NWFP GROUPS/DFO Pemagatshel/Dezema NWFP Group/Dezema NWFP Group.shp","DFO Pemagatshel","Dezema NWFP Group","OK","Read successfully"
"D:/NATIONAL NWFP GROUPS/DFO Pemagatshel/Gamung NWFP/Gamung NWFP.shp","DFO Pemagatshel","Gamung NWFP","OK","Read successfully"
"D:/NATIONAL NWFP GROUPS/DFO Pemagatshel/Gonpung Shingmen Detshen/Gonpung Shingmen Detshen.shp","DFO Pemagatshel","Gonpung Shingmen Detshen","OK","Read successfully"
"D:/NATIONAL NWFP GROUPS/DFO Pemagatshel/Kerong NWFP Group/Kerong NWFP Group.shp","DFO Pemagatshel","Kerong NWFP Group","OK","Read successfully"
"D:/NATIONAL NWFP GROUPS/DFO Pemagatshel/Khengzor NWFP/Khengzor NWFP.shp","DFO Pemagatshel","Khengzor NWFP","OK","Read successfully"
"D:/NATIONAL NWFP GROUPS/DFO Pemagatshel/Labar Chithuen NWFP/Labar Chithuen NWFP.shp","DFO Pemagatshel","Labar Chithuen NWFP","OK","Read successfully"
"D:/NATIONAL NWFP GROUPS/DFO Pemagatshel/Menchu pipla NWFP Group/Menchu pipla NWFP Group.shp","DFO Pemagatshel","Menchu pipla NWFP Group","OK","Read successfully"
"D:/NATIONAL NWFP GROUPS/DFO Pemagatshel/Ngangray NWFP Group/Ngangray NWFP Group.shp","DFO Pemagatshel","Ngangray NWFP Group","OK","Read successfully"
"D:/NATIONAL NWFP GROUPS/DFO Pemagatshel/Norbugang NWFP Group/Norbugang NWFP Group.shp","DFO Pemagatshel","Norbugang NWFP Group","OK","Read successfully"
"D:/NATIONAL NWFP GROUPS/DFO Pemagatshel/Tokari Shingmen Detshen/Tokari Shingmen Detshen.shp","DFO Pemagatshel","Tokari Shingmen Detshen","OK","Read successfully"
"D:/NATIONAL NWFP GROUPS/DFO Pemagatshel/Tomi-Zimzore NWFP group/Tomi-Zimzore NWFP group.shp","DFO Pemagatshel","Tomi-Zimzore NWFP group","OK","Read successfully"
"D:/NATIONAL NWFP GROUPS/DFO Pemagatshel/Tshelingore NWFP Management and Marketing Group/Tshelingore NWFP Management and Marketing Group.shp","DFO Pemagatshel","Tshelingore NWFP Management and Marketing Group","OK","Read successfully"
"D:/NATIONAL NWFP GROUPS/DFO Pemagatshel/Wongborang NWFP group/Wongborang NWFP group.shp","DFO Pemagatshel","Wongborang NWFP group","OK","Read successfully"
"D:/NATIONAL NWFP GROUPS/DFO Pemagatshel/Wongchelo Chigthuen Tshogpa/Wongchelo Chigthuen Tshogpa.shp","DFO Pemagatshel","Wongchelo Chigthuen Tshogpa","OK","Read successfully"
"D:/NATIONAL NWFP GROUPS/DFO Pemagatshel/Yangmalashing NWFP management group (Yangmalashing Pipla Group)/Yangmalashing NWFP management group (Yangmalashing Pipla Group).shp","DFO Pemagatshel","Yangmalashing NWFP management group (Yangmalashing Pipla Group)","OK","Read successfully"
"D:/NATIONAL NWFP GROUPS/DFO Samchi/Majuwa_Pangkha NWFP management and marketing group/Majuwa_Pangkha NWFP management and marketing group.shp","DFO Samchi","Majuwa_Pangkha NWFP management and marketing group","OK","Read successfully"
"D:/NATIONAL NWFP GROUPS/DFO Samchi/Namseling NWFP management Group/Namseling NWFP management Group.shp","DFO Samchi","Namseling NWFP management Group","OK","Read successfully"
"D:/NATIONAL NWFP GROUPS/DFO Samdrup Jongkhar/Denchi Non-Wood Forest Products Management Group/Denchi Non-Wood Forest Products Management Group.shp","DFO Samdrup Jongkhar","Denchi Non-Wood Forest Products Management Group","OK","Read successfully"
"D:/NATIONAL NWFP GROUPS/DFO Samdrup Jongkhar/Dupthob Shingmin Detshen/Dupthob Shingmin Detshen.shp","DFO Samdrup Jongkhar","Dupthob Shingmin Detshen","OK","Read successfully"
"D:/NATIONAL NWFP GROUPS/DFO Samdrup Jongkhar/Pangthang NWFP Group/Pangthang NWFP Group.shp","DFO Samdrup Jongkhar","Pangthang NWFP Group","OK","Read successfully"
"D:/NATIONAL NWFP GROUPS/DFO Samdrup Jongkhar/Perung-Bargoenpa NWFP group/Perung-Bargoenpa NWFP group.shp","DFO Samdrup Jongkhar","Perung-Bargoenpa NWFP group","OK","Read successfully"
"D:/NATIONAL NWFP GROUPS/DFO Samdrup Jongkhar/Potala Shingmin Drongdey Nagtshel/Potala Shingmin Drongdey Nagtshel.shp","DFO Samdrup Jongkhar","Potala Shingmin Drongdey Nagtshel","OK","Read successfully"
"D:/NATIONAL NWFP GROUPS/DFO Samdrup Jongkhar/Remung Lhuendrup Shingmin Gongphel Detshen/Remung Lhuendrup Shingmin Gongphel Detshen.shp","DFO Samdrup Jongkhar","Remung Lhuendrup Shingmin Gongphel Detshen","OK","Read successfully"
"D:/NATIONAL NWFP GROUPS/DFO Samdrup Jongkhar/Thungshing Yubephodrang Shingmin Detshen/Thungshing Yubephodrang Shingmin Detshen.shp","DFO Samdrup Jongkhar","Thungshing Yubephodrang Shingmin Detshen","OK","Read successfully"
"D:/NATIONAL NWFP GROUPS/DFO Sarpang/Bumpa Shingmin Dulen Tshopa/Bumpa Shingmin Dulen Tshopa.shp","DFO Sarpang","Bumpa Shingmin Dulen Tshopa","OK","Read successfully"
"D:/NATIONAL NWFP GROUPS/DFO Sarpang/Doringphu NWFP Management and Marketing Group/Doringphu NWFP Management and Marketing Group.shp","DFO Sarpang","Doringphu NWFP Management and Marketing Group","OK","Read successfully"
"D:/NATIONAL NWFP GROUPS/DFO Sarpang/Pemaling Pagshing Tshopa/Pemaling Pagshing Tshopa.shp","DFO Sarpang","Pemaling Pagshing Tshopa","OK","Read successfully"
"D:/NATIONAL NWFP GROUPS/DFO Sarpang/Sangkha NWFP Group/Sangkha NWFP Group.shp","DFO Sarpang","Sangkha NWFP Group","OK","Read successfully"
"D:/NATIONAL NWFP GROUPS/DFO Sarpang/Tashiling Shingmin Dulen and Tsongdrel Tshogpa/Tashiling Shingmin Dulen and Tsongdrel Tshogpa.shp","DFO Sarpang","Tashiling Shingmin Dulen and Tsongdrel Tshogpa","OK","Read successfully"
"D:/NATIONAL NWFP GROUPS/DFO Trashigang/Beypam Sorbang Bangtse Group/Beypam Sorbang Bangtse Group.shp","DFO Trashigang","Beypam Sorbang Bangtse Group","OK","Read successfully"
"D:/NATIONAL NWFP GROUPS/DFO Trashigang/Bimkhar Bamboo Management Group/Bimkhar Bamboo Management Group.shp","DFO Trashigang","Bimkhar Bamboo Management Group","OK","Read successfully"
"D:/NATIONAL NWFP GROUPS/DFO Trashigang/Gengkhar Bangsee Group  Bangtshe/Gengkhar Bangsee Group  Bangtshe.shp","DFO Trashigang","Gengkhar Bangsee Group  Bangtshe","OK","Read successfully"
"D:/NATIONAL NWFP GROUPS/DFO Trashigang/Udzorong Lemon grass group/Udzorong Lemon grass group.shp","DFO Trashigang","Udzorong Lemon grass group","OK","Read successfully"
"D:/NATIONAL NWFP GROUPS/DFO Tsirang/Batasey Non-Wood Forest Products Group/Batasey Non-Wood Forest Products Group.shp","DFO Tsirang","Batasey Non-Wood Forest Products Group","OK","Read successfully"
"D:/NATIONAL NWFP GROUPS/DFO Tsirang/Serzhong and Menchuna NWFP management & marketing Group/Serzhong and Menchuna NWFP management & marketing Group.shp","DFO Tsirang","Serzhong and Menchuna NWFP management & marketing Group","OK","Read successfully"
"D:/NATIONAL NWFP GROUPS/DFO Tsirang/Tashiling Non-wood Forest Products Management & Marketing Group/Tashiling Non-wood Forest Products Management & Marketing Group.shp","DFO Tsirang","Tashiling Non-wood Forest Products Management & Marketing Group","OK","Read successfully"
"D:/NATIONAL NWFP GROUPS/DFO Zhemgang/Bjoka NWFP management and marketing group/Bjoka NWFP management and marketing group.shp","DFO Zhemgang","Bjoka NWFP management and marketing group","OK","Read successfully"
"D:/NATIONAL NWFP GROUPS/DFO Zhemgang/Dali Shingmen Tshogpa/Dali Shingmen Tshogpa.shp","DFO Zhemgang","Dali Shingmen Tshogpa","OK","Read successfully"
"D:/NATIONAL NWFP GROUPS/DFO Zhemgang/Goling Jamphel Thoenkhung Tshogpa/Goling Jamphel Thoenkhung Tshogpa.shp","DFO Zhemgang","Goling Jamphel Thoenkhung Tshogpa","OK","Read successfully"
"D:/NATIONAL NWFP GROUPS/DFO Zhemgang/Kamati Pipla Management Group/Kamati Pipla Management Group.shp","DFO Zhemgang","Kamati Pipla Management Group","OK","Read successfully"
"D:/NATIONAL NWFP GROUPS/DFO Zhemgang/Lamtang NWFP Management and Marketing Group/Lamtang NWFP Management and Marketing Group.shp","DFO Zhemgang","Lamtang NWFP Management and Marketing Group","OK","Read successfully"
"D:/NATIONAL NWFP GROUPS/DFO Zhemgang/Marangduth NWFP Management and Marketing Group/Marangduth NWFP Management and Marketing Group.shp","DFO Zhemgang","Marangduth NWFP Management and Marketing Group","OK","Read successfully"
"D:/NATIONAL NWFP GROUPS/DFO Zhemgang/Ngangla Trong Singmen Tshogpa/Ngangla Trong Singmen Tshogpa.shp","DFO Zhemgang","Ngangla Trong Singmen Tshogpa","OK","Read successfully"
"D:/NATIONAL NWFP GROUPS/DFO Zhemgang/Shobling Singmen Tshopka/Shobling Singmen Tshopka.shp","DFO Zhemgang","Shobling Singmen Tshopka","OK","Read successfully"
"D:/NATIONAL NWFP GROUPS/DFO Zhemgang/Tsaidang Shingmenn Tshogpa/Tsaidang Shingmenn Tshogpa.shp","DFO Zhemgang","Tsaidang Shingmenn Tshogpa","OK","Read successfully"
"D:/NATIONAL NWFP GROUPS/Jigme Dorji National Park/Gangri Phunsum Ngomen Tshokpa/Gangri Phunsum Ngomen Tshokpa.shp","Jigme Dorji National Park","Gangri Phunsum Ngomen Tshokpa","OK","Read successfully"
"D:/NATIONAL NWFP GROUPS/Jigme Dorji National Park/Jomolhari Ngomoen Tshogpa/Jomolhari Ngomoen Tshogpa.shp","Jigme Dorji National Park","Jomolhari Ngomoen Tshogpa","OK","Read successfully"
"D:/NATIONAL NWFP GROUPS/Jigme Dorji National Park/Laya Ngomen Tshokpa/Laya Ngomen Tshokpa.shp","Jigme Dorji National Park","Laya Ngomen Tshokpa","OK","Read successfully"
"D:/NATIONAL NWFP GROUPS/Jigme Dorji National Park/Lingzhi Ngomen Tshogpa/Lingzhi Ngomen Tshogpa.shp","Jigme Dorji National Park","Lingzhi Ngomen Tshogpa","OK","Read successfully"
"D:/NATIONAL NWFP GROUPS/Jigme Dorji National Park/Yaksa Ngomoen Tshogpoa/Yaksa Ngomoen Tshogpoa.shp","Jigme Dorji National Park","Yaksa Ngomoen Tshogpoa","OK","Read successfully"
"D:/NATIONAL NWFP GROUPS/Jigme Singye Wangchuck National Park/Mongpa Selwai Yoezer Tshokpa/Mongpa Selwai Yoezer Tshokpa.shp","Jigme Singye Wangchuck National Park","Mongpa Selwai Yoezer Tshokpa","OK","Read successfully"
"D:/NATIONAL NWFP GROUPS/Jomotshangkha Wildlife Sanctuary/Barkalangna Shingmein Thuenkyed Tshogpa/Barkalangna Shingmein Thuenkyed Tshogpa.shp","Jomotshangkha Wildlife Sanctuary","Barkalangna Shingmein Thuenkyed Tshogpa","OK","Read successfully"
"D:/NATIONAL NWFP GROUPS/Jomotshangkha Wildlife Sanctuary/Beytseling Shingmein Yargay Gongphel Tshogpa/Beytseling Shingmein Yargay Gongphel Tshogpa.shp","Jomotshangkha Wildlife Sanctuary","Beytseling Shingmein Yargay Gongphel Tshogpa","OK","Read successfully"
"D:/NATIONAL NWFP GROUPS/Jomotshangkha Wildlife Sanctuary/Chitori Shingmein Thuenkyed/Chitori Shingmein Thuenkyed.shp","Jomotshangkha Wildlife Sanctuary","Chitori Shingmein Thuenkyed","OK","Read successfully"
"D:/NATIONAL NWFP GROUPS/Jomotshangkha Wildlife Sanctuary/Dephu Shingmein Thuenkyed Tshogpa/Dephu Shingmein Thuenkyed Tshogpa.shp","Jomotshangkha Wildlife Sanctuary","Dephu Shingmein Thuenkyed Tshogpa","OK","Read successfully"
"D:/NATIONAL NWFP GROUPS/Jomotshangkha Wildlife Sanctuary/Dungmanma Shingmein Gakey Pelzom/Dungmanma Shingmein Gakey Pelzom.shp","Jomotshangkha Wildlife Sanctuary","Dungmanma Shingmein Gakey Pelzom","OK","Read successfully"
"D:/NATIONAL NWFP GROUPS/Jomotshangkha Wildlife Sanctuary/Kakanay Shingmein Thuenkyed Tshogpa/Kakanay Shingmein Thuenkyed Tshogpa.shp","Jomotshangkha Wildlife Sanctuary","Kakanay Shingmein Thuenkyed Tshogpa","OK","Read successfully"
"D:/NATIONAL NWFP GROUPS/Jomotshangkha Wildlife Sanctuary/Lauri Gaki Shingmein Thuenkyed Tshogpa/Lauri Gaki Shingmein Thuenkyed Tshogpa.shp","Jomotshangkha Wildlife Sanctuary","Lauri Gaki Shingmein Thuenkyed Tshogpa","OK","Read successfully"
"D:/NATIONAL NWFP GROUPS/Jomotshangkha Wildlife Sanctuary/Mawong Chirphen Shingmein Thuenkyed Tshogpa/Mawong Chirphen Shingmein Thuenkyed Tshogpa.shp","Jomotshangkha Wildlife Sanctuary","Mawong Chirphen Shingmein Thuenkyed Tshogpa","OK","Read successfully"
"D:/NATIONAL NWFP GROUPS/Jomotshangkha Wildlife Sanctuary/Momring Shingmein Thuenkyed Tshogpa/Momring Shingmein Thuenkyed Tshogpa.shp","Jomotshangkha Wildlife Sanctuary","Momring Shingmein Thuenkyed Tshogpa","OK","Read successfully"
"D:/NATIONAL NWFP GROUPS/Jomotshangkha Wildlife Sanctuary/Patpanadang Shingmein Dondru tshogpa/Patpanadang Shingmein Dondru tshogpa.shp","Jomotshangkha Wildlife Sanctuary","Patpanadang Shingmein Dondru tshogpa","OK","Read successfully"
"D:/NATIONAL NWFP GROUPS/Jomotshangkha Wildlife Sanctuary/Raynang Shingmein Thuenkyed Tshogpa/Raynang Shingmein Thuenkyed Tshogpa.shp","Jomotshangkha Wildlife Sanctuary","Raynang Shingmein Thuenkyed Tshogpa","OK","Read successfully"
"D:/NATIONAL NWFP GROUPS/Jomotshangkha Wildlife Sanctuary/Risum Tsholing Shingmein Thuenkyed Tshogpa/Risum Tsholing Shingmein Thuenkyed Tshogpa.shp","Jomotshangkha Wildlife Sanctuary","Risum Tsholing Shingmein Thuenkyed Tshogpa","OK","Read successfully"
"D:/NATIONAL NWFP GROUPS/Jomotshangkha Wildlife Sanctuary/Samten Shingmen Thuenkyed Tshogpa/Samten Shingmen Thuenkyed Tshogpa.shp","Jomotshangkha Wildlife Sanctuary","Samten Shingmen Thuenkyed Tshogpa","OK","Read successfully"
"D:/NATIONAL NWFP GROUPS/Jomotshangkha Wildlife Sanctuary/Serthi Shingmein Thuenkyed Tshogpa/Serthi Shingmein Thuenkyed Tshogpa.shp","Jomotshangkha Wildlife Sanctuary","Serthi Shingmein Thuenkyed Tshogpa","OK","Read successfully"
"D:/NATIONAL NWFP GROUPS/Jomotshangkha Wildlife Sanctuary/Tashithangjay Shingmein Thunekyed Tshogpa/Tashithangjay Shingmein Thunekyed Tshogpa.shp","Jomotshangkha Wildlife Sanctuary","Tashithangjay Shingmein Thunekyed Tshogpa","OK","Read successfully"
"D:/NATIONAL NWFP GROUPS/Jomotshangkha Wildlife Sanctuary/Thekcho Choeling Gonpa Shingmein Tshogpa/Thekcho Choeling Gonpa Shingmein Tshogpa.shp","Jomotshangkha Wildlife Sanctuary","Thekcho Choeling Gonpa Shingmein Tshogpa","OK","Read successfully"
"D:/NATIONAL NWFP GROUPS/Jomotshangkha Wildlife Sanctuary/Woongthi Shingmein Natshok Thuendrel Tshogpa/Woongthi Shingmein Natshok Thuendrel Tshogpa.shp","Jomotshangkha Wildlife Sanctuary","Woongthi Shingmein Natshok Thuendrel Tshogpa","OK","Read successfully"
"D:/NATIONAL NWFP GROUPS/Jomotshangkha Wildlife Sanctuary/Zangthi-Tshothang Shingmein Thuenkyed Tshogpa/Zangthi-Tshothang Shingmein Thuenkyed Tshogpa.shp","Jomotshangkha Wildlife Sanctuary","Zangthi-Tshothang Shingmein Thuenkyed Tshogpa","OK","Read successfully"
"D:/NATIONAL NWFP GROUPS/Phrumsengla National Park/Ura Mushroom Conservation and Marketing Group/Ura Mushroom Conservation and Marketing Group.shp","Phrumsengla National Park","Ura Mushroom Conservation and Marketing Group","OK","Read successfully"
"D:/NATIONAL NWFP GROUPS/Royal Manas National Park/Mamung Bamboo Management group/Mamung Bamboo Management group.shp","Royal Manas National Park","Mamung Bamboo Management group","OK","Read successfully"
"D:/NATIONAL NWFP GROUPS/Royal Manas National Park/Panabe NWFP Group/Panabe NWFP Group.shp","Royal Manas National Park","Panabe NWFP Group","OK","Read successfully"
"D:/NATIONAL NWFP GROUPS/Royal Manas National Park/Pongchula Pema Choling Tsharzaw Group/Pongchula Pema Choling Tsharzaw Group.shp","Royal Manas National Park","Pongchula Pema Choling Tsharzaw Group","OK","Read successfully"
"D:/NATIONAL NWFP GROUPS/Royal Manas National Park/Salapong NWFP group/Salapong NWFP group.shp","Royal Manas National Park","Salapong NWFP group","OK","Read successfully"
"D:/NATIONAL NWFP GROUPS/Royal Manas National Park/Zangbe shingmen Duelen Dang Tshongdrel Dhetshen/Zangbe shingmen Duelen Dang Tshongdrel Dhetshen.shp","Royal Manas National Park","Zangbe shingmen Duelen Dang Tshongdrel Dhetshen","OK","Read successfully"
"D:/NATIONAL NWFP GROUPS/Sakteng Wildlife Sanctuary/Kuenphen Poina Tshokpa/Kuenphen Poina Tshokpa.shp","Sakteng Wildlife Sanctuary","Kuenphen Poina Tshokpa","OK","Read successfully"
"D:/NATIONAL NWFP GROUPS/Sakteng Wildlife Sanctuary/Sakteng Lhayul Sangzey Detshen/Sakteng Lhayul Sangzey Detshen.shp","Sakteng Wildlife Sanctuary","Sakteng Lhayul Sangzey Detshen","OK","Read successfully"
"D:/NATIONAL NWFP GROUPS/Wangchuck Centennial National Park/Ney Kuenphen Jakpai Tshogpa/Ney Kuenphen Jakpai Tshogpa.shp","Wangchuck Centennial National Park","Ney Kuenphen Jakpai Tshogpa","OK","Read successfully"
"D:/NATIONAL NWFP GROUPS/Wangchuck Centennial National Park/Sephu NWFP management group/Sephu NWFP management group.shp","Wangchuck Centennial National Park","Sephu NWFP management group","OK","Read successfully"
"D:/NATIONAL NWFP GROUPS/Wangchuck Centennial National Park/Tangpa Shingmein Menrig Detshen/Tangpa Shingmein Menrig Detshen.shp","Wangchuck Centennial National Park","Tangpa Shingmein Menrig Detshen","OK","Read successfully"
"D:/NATIONAL NWFP GROUPS/Wangchuck Centennial National Park/Tshamdrok Tshosum Shingmen Detshen/Tshamdrok Tshosum Shingmen Detshen.shp","Wangchuck Centennial National Park","Tshamdrok Tshosum Shingmen Detshen","OK","Read successfully"
