SN,Group Name,Dzongkhag,Division/Park,Gewog,Village,Members (Nos),Female (Nos),Area (ha),Estd year,Revision Year,Plan Period,Plan Type,Contact Details,Species,Review Date,Review Status,Source Sheet,Source Row,Legacy Female (nos),Legacy Area (ha),Legacy Estd year,Legacy Revision,Legacy Plan Year,Legacy Contact Details,Legacy Species,Data Notes
1,Chungphel Shingmen Management Group,Bumthang,,Chumme,,42,,,2018,,,,,Tricholoma matsutake,,,Dzongkhag Wise-NWFP Groups,2,,2018,,,Tricholoma matsutake,,,Species parsed from legacy 'Plan Year' column.
2,Ye-Rang Khuenphen Bamboo Tshogpa,Bumthang,,Chumme,,37,,,2014,,,,,Borinda grossa,,,Dzongkhag Wise-NWFP Groups,3,,2014,,,Borinda grossa,,,Species parsed from legacy 'Plan Year' column.
3,Ura Mushroom Conservation and Marketing Group,Bumthang,,Ura,,183,,9401.36,2022,,2023-2027,,,"Tricholoma matsutake (Sangay Shamu, Ngala shamu, Jilli namchu, Sela Shamung)",,,Dzongkhag Wise-NWFP Groups,4,9401.36,2022,,2023-2027,"Tricholoma matsutake (Sangay Shamu, Ngala shamu, Jilli namchu, Sela Shamung)",,,Area parsed from legacy 'Female (nos)' column. | Female (Nos) left blank because sheet 1 legacy column F is not reliably female-count data. | Species parsed from legacy 'Plan Year' column.
4,Tshamdrok Tshosum Shingmen Detshen,Bumthang,,Choekhor,,185,,89044,2024,,2024-2034,,,all high value medicinal plants,,,Dzongkhag Wise-NWFP Groups,5,89044,2024,,2024-2034,all high value medicinal plants,,,Area parsed from legacy 'Female (nos)' column. | Female (Nos) left blank because sheet 1 legacy column F is not reliably female-count data. | Species parsed from legacy 'Plan Year' column.
5,Tangpa Shingmein Menrig Detshen,Bumthang,,Tang,,47,,13424.95,2024,,2024-2034,,,"Neopicrorhiza scrophulariifolia, Nardostachys jatamansi, Rhododendron anthopogon, Rhododendron setosum, Aconitum spp., Panax psuedogenseng, Meconopsis spp., Dactylorhiza hatagirea, Exidia recisa, Maianthemum oleraceum, Allium pratii, Allium rhabdotum, Hippophae rhamnoides, Drosera peltata, Juniperus spp., Pleurospermum amabile, Tsuga dumosa, Thamnolia vermicularis, Fritillaria cirrhosa, Gerardiana spp.",,,Dzongkhag Wise-NWFP Groups,6,13424.95,2024,,2024-2034,"Neopicrorhiza scrophulariifolia, Nardostachys jatamansi, Rhododendron anthopogon, Rhododendron setosum, Aconitum spp., Panax psuedogenseng, Meconopsis spp., Dactylorhiza hatagirea, Exidia recisa, Maianthemum oleraceum, Allium pratii, Allium rhabdotum, Hippophae rhamnoides, Drosera peltata, Juniperus spp., Pleurospermum amabile, Tsuga dumosa, Thamnolia vermicularis, Fritillaria cirrhosa, Gerardiana spp.",,,Area parsed from legacy 'Female (nos)' column. | Female (Nos) left blank because sheet 1 legacy column F is not reliably female-count data. | Species parsed from legacy 'Plan Year' column.
6,Betar NWFP Group,Chukha,,Sampheling,,16,,2.023,2018,2023,2023-2028,,Solely harvested from SRFL,"Thysanolaena spp., Bamboo",,,Dzongkhag Wise-NWFP Groups,7,2.023,2018,2023,2023-2028,"Thysanolaena spp., Bamboo",Solely harvested from SRFL,,Area parsed from legacy 'Female (nos)' column. | Female (Nos) left blank because sheet 1 legacy column F is not reliably female-count data. | Species parsed from legacy 'Plan Year' column.
7,Drudingsa NWFP management and marketing plan,Chukha,,Dungna,,32,,10,2017,,2020-2023 (Plan expired),,,Plectocomia himalayana,,,Dzongkhag Wise-NWFP Groups,8,10,2017,,2020-2023 (Plan expired),Plectocomia himalayana,,,Area parsed from legacy 'Female (nos)' column. | Female (Nos) left blank because sheet 1 legacy column F is not reliably female-count data. | Species parsed from legacy 'Plan Year' column.
8,Metakha NWFP Management and Marketing Group,Chukha,,Metekha,,9,,,2017,,"2017-2020, Plan expired",,,Plectocomia himalayana,,,Dzongkhag Wise-NWFP Groups,9,,2017,,"2017-2020, Plan expired",Plectocomia himalayana,,,Species parsed from legacy 'Plan Year' column.
9,Modokha NWFP management and marketing group,Chukha,,Dungna,,20,,25,2017,,"2020-2023, Plan expired",,,Plectocomia himalayana,,,Dzongkhag Wise-NWFP Groups,10,25,2017,,"2020-2023, Plan expired",Plectocomia himalayana,,,Area parsed from legacy 'Female (nos)' column. | Female (Nos) left blank because sheet 1 legacy column F is not reliably female-count data. | Species parsed from legacy 'Plan Year' column.
10,Sarphu Broom Grass Management Group,Chukha,,Darla,,14,,6,2012,"2018, 2024",2024-2034,,Solely harvested from PRL and SRFL,"Thysanolaena spp, Pipla, Bamboo",,,Dzongkhag Wise-NWFP Groups,11,6,2012,"2018, 2024",2024-2034,"Thysanolaena spp, Pipla, Bamboo",Solely harvested from PRL and SRFL,,Area parsed from legacy 'Female (nos)' column. | Female (Nos) left blank because sheet 1 legacy column F is not reliably female-count data. | Species parsed from legacy 'Plan Year' column.
11,Balung NWFP Management and marketing group,Dagana,,Balung,,30,,24.9,2021,,2022-2027,,,Plectocomia himalayana,,,Dzongkhag Wise-NWFP Groups,12,24.9,2021,,2022-2027,Plectocomia himalayana,,,Area parsed from legacy 'Female (nos)' column. | Female (Nos) left blank because sheet 1 legacy column F is not reliably female-count data. | Species parsed from legacy 'Plan Year' column.
12,Devitar Nagtshel Shingmen Tshogpa,Dagana,,Lamoizhingkha,,69,,573,2014,"2018, 2024",2024-2034,,,"Pipla, Cinnamomum tamala, Thysanolaena Spp., Phyllanthus emblica",,,Dzongkhag Wise-NWFP Groups,13,573,2014,"2018, 2024",2024-2034,"Pipla, Cinnamomum tamala, Thysanolaena Spp., Phyllanthus emblica",,,Area parsed from legacy 'Female (nos)' column. | Female (Nos) left blank because sheet 1 legacy column F is not reliably female-count data. | Species parsed from legacy 'Plan Year' column.
13,Dorjiphu Nagtshel Shingmen Tshogpa,Dagana,,Karmaling,,44,,494,2014,"2018, 2024",2024-2034,,,"Piper peepuloides, Piper longum , Cinnamomum tamala",,,Dzongkhag Wise-NWFP Groups,14,494,2014,"2018, 2024",2024-2034,"Piper peepuloides, Piper longum , Cinnamomum tamala",,,Area parsed from legacy 'Female (nos)' column. | Female (Nos) left blank because sheet 1 legacy column F is not reliably female-count data. | Species parsed from legacy 'Plan Year' column.
14,Bana NWFP Management and Marketing Plan,Dagana,,Lajab,,25,,110.25,,,2021-2026,,,Plectocomia himalayana,,,Dzongkhag Wise-NWFP Groups,15,110.25,,,2021-2026,Plectocomia himalayana,,,Area parsed from legacy 'Female (nos)' column. | Female (Nos) left blank because sheet 1 legacy column F is not reliably female-count data. | Species parsed from legacy 'Plan Year' column.
15,Laya Ngomen Tshokpa,Gasa,,Laya,,262,,967,2020,2023,2023-2028,,,"Aconitum spp. (Aconite, tshendu, tshendug, shodu, maanchen, bish, bikma), Picorrhiza spp./ Neopicrorhiza scrophulariifolia (Kutki, putishing), Exedia Spp. (Sue Shamu), Juniperus spp. (Shukpashing), Nardostachys grandiflora / jatamansi (Jatamansi, pang-poe), Tanacetum nubigeum (Kheng kaar), Tricholoma matsutake (Sangay shamu), Canarium spp. (Gokul-dhup, Poekar), Rhododendron anthopogon (ciliatum) / setosum (Balu / sulu), Mecanopsis simplicifolia (Upelmetog), Rheum spiciforme (chi tsa), Rhuem Nobilea (chukhar metog),",,,Dzongkhag Wise-NWFP Groups,16,967,2020,2023,2023-2028,"Aconitum spp. (Aconite, tshendu, tshendug, shodu, maanchen, bish, bikma), Picorrhiza spp./ Neopicrorhiza scrophulariifolia (Kutki, putishing), Exedia Spp. (Sue Shamu), Juniperus spp. (Shukpashing), Nardostachys grandiflora / jatamansi (Jatamansi, pang-poe), Tanacetum nubigeum (Kheng kaar), Tricholoma matsutake (Sangay shamu), Canarium spp. (Gokul-dhup, Poekar), Rhododendron anthopogon (ciliatum) / setosum (Balu / sulu), Mecanopsis simplicifolia (Upelmetog), Rheum spiciforme (chi tsa), Rhuem Nobilea (chukhar metog),",,,Area parsed from legacy 'Female (nos)' column. | Female (Nos) left blank because sheet 1 legacy column F is not reliably female-count data. | Species parsed from legacy 'Plan Year' column.
16,Lingzhi Ngomen Tshogpa,Gasa,,Lingzhi,,82,,,2019,,2025-2035,,,"Meconopsis simplicifolia, Chrysosplenium nudicaula, Geranium refractum, Selinum vaginatum, Tinacetum nubigenum, Rhododendron anthopogon, Rhododendron setosum, Juniperus recurva, Juniperus indica, Nardostachys jatamansi, Fritillaria delavayi, Rheum nobile, Podophyllum hexandrum, Pedicularis longiflora, Pedicularis megalantha, Rheum australe , Myricaria rosea, Meconopsis paniculata, Aconitum laciniatum, Dactylorhiza hatagirea, Jaeschkea oligosperma, Meconopsis discigera, Meconopsis horridula, Corydalis crispa, Onosma hookeri, Rhodiola crenulata, Salvia castanea, Gentiana algida, Primula sikkimemsis, Saussurea obvallata, Delphinium brunonianum, Cavea tanguensis, Neopricrorhiza scrophulariiflora, Hypecoum leptocarpum, Polygonatum verticillatum, Veronica cephaloids, Corydalis dubia, Algae, Gentiana robusta, Mallva sylvestris, Thlaspi arvense, Rhododendron glaucophyllum, Gentiana urnula, Aster flaccidus, Aster diplostephioides, Saxifraga moorcroftiana, Pterocephalus hookeri, Bistorta macrophylla, Lepisorus contortus, Fragaria indica, Arenaria kansuensis, Pedicularis flagellaris, Leontopodium himalayanum, Leontopodium sp, Ranunculus brotherusii",,,Dzongkhag Wise-NWFP Groups,17,,2019,,2025-2035,"Meconopsis simplicifolia, Chrysosplenium nudicaula, Geranium refractum, Selinum vaginatum, Tinacetum nubigenum, Rhododendron anthopogon, Rhododendron setosum, Juniperus recurva, Juniperus indica, Nardostachys jatamansi, Fritillaria delavayi, Rheum nobile, Podophyllum hexandrum, Pedicularis longiflora, Pedicularis megalantha, Rheum australe , Myricaria rosea, Meconopsis paniculata, Aconitum laciniatum, Dactylorhiza hatagirea, Jaeschkea oligosperma, Meconopsis discigera, Meconopsis horridula, Corydalis crispa, Onosma hookeri, Rhodiola crenulata, Salvia castanea, Gentiana algida, Primula sikkimemsis, Saussurea obvallata, Delphinium brunonianum, Cavea tanguensis, Neopricrorhiza scrophulariiflora, Hypecoum leptocarpum, Polygonatum verticillatum, Veronica cephaloids, Corydalis dubia, Algae, Gentiana robusta, Mallva sylvestris, Thlaspi arvense, Rhododendron glaucophyllum, Gentiana urnula, Aster flaccidus, Aster diplostephioides, Saxifraga moorcroftiana, Pterocephalus hookeri, Bistorta macrophylla, Lepisorus contortus, Fragaria indica, Arenaria kansuensis, Pedicularis flagellaris, Leontopodium himalayanum, Leontopodium sp, Ranunculus brotherusii",,,Species parsed from legacy 'Plan Year' column.
17,Singyedzong Sangzey Management group,Lhuntse,,Khoma,,18,,933.586,2018,,2018-2019,,,"Incense materials, Balu, Sulu, Juniper sp",,,Dzongkhag Wise-NWFP Groups,18,,933.586,2018,,2018-2019,,"Incense materials, Balu, Sulu, Juniper sp",Area parsed from legacy 'Area (ha)' column. | Species parsed from legacy 'Species' column.
18,Goney-Wambur Shingmen Tshokpa,Lhuntse,,Tsenkhar,,63,,2401.4,2018,,,,06/09/2022-06/092027,"Rubia cordifolia (Rubia, majito, tsoy), Borinda grossa, Paris polyphylla (Satuwa, thogsampa), Daphne spp. (Daphne, dey-nap, kagatey, kagati), Pogostemon amaranthoides (Namda, Nam tshodma, Rudilo), Ferns, Cymbidium spp. (Sunakhari, olatsey), Acorus calamus (Sweet-flag, bojho, chudar, chudarla, bartsi), Elatostema spp. (Damru, damburu, drimon, chhotey gaglota), Phyllanthus emblica (Amla, chooru), Viscum nepalense",,,Dzongkhag Wise-NWFP Groups,19,2401.4,2018,,06/09/2022-06/092027,"Rubia cordifolia (Rubia, majito, tsoy), Borinda grossa, Paris polyphylla (Satuwa, thogsampa), Daphne spp. (Daphne, dey-nap, kagatey, kagati), Pogostemon amaranthoides (Namda, Nam tshodma, Rudilo), Ferns, Cymbidium spp. (Sunakhari, olatsey), Acorus calamus (Sweet-flag, bojho, chudar, chudarla, bartsi), Elatostema spp. (Damru, damburu, drimon, chhotey gaglota), Phyllanthus emblica (Amla, chooru), Viscum nepalense",,,Area parsed from legacy 'Female (nos)' column. | Female (Nos) left blank because sheet 1 legacy column F is not reliably female-count data. | Species parsed from legacy 'Plan Year' column.
19,Lekpachu Shingmen Detshen,Lhuntse,,Gangzur,,8,,124.239,2011,,2020-2023,,,"Phyllanthus emblica (Amla, chooru),",,,Dzongkhag Wise-NWFP Groups,20,124.239,2011,,2020-2023,"Phyllanthus emblica (Amla, chooru),",,,Area parsed from legacy 'Female (nos)' column. | Female (Nos) left blank because sheet 1 legacy column F is not reliably female-count data. | Species parsed from legacy 'Plan Year' column.
20,Ney Kuenphen Jakpai Tshogpa,Lhuntse,,Gangzur,,61,,2609.9,2022,2027,2022-2027,,,Paris polyphylla,,,Dzongkhag Wise-NWFP Groups,21,2609.9,2022,2027,2022-2027,Paris polyphylla,,,Area parsed from legacy 'Female (nos)' column. | Female (Nos) left blank because sheet 1 legacy column F is not reliably female-count data. | Species parsed from legacy 'Plan Year' column.
21,Aja Illicium griffithii Management group,Mongar,,Shelrimuhung,,17,,302,2008,"2020, 2025",2020-2023,,,"Illicium griffithii, Elatostema spp, Diplazium spp",,,Dzongkhag Wise-NWFP Groups,22,,302,2008,"2020, 2025",2020-2023,,"Illicium griffithii, Elatostema spp, Diplazium spp",Area parsed from legacy 'Area (ha)' column. | Species parsed from legacy 'Species' column.
22,Jabgang NWFP group,Mongar,,Shelrimuhung,,31,,171.6,2011,"2019, 2025",2025-2035,,,Plectocomia himalayana,,,Dzongkhag Wise-NWFP Groups,23,,171.6,2011,"2019, 2025",2025-2035,,Plectocomia himalayana,Area parsed from legacy 'Area (ha)' column. | Species parsed from legacy 'Species' column.
23,Balam Shingmen Detshen,Mongar,,Balam,,109,,200,2016,"2020, 2025",2025-2035,,,"Rubia cordifolia, Paris polyphylla & Daphne spp, Paris polyphylla, Diplazium spp & Elatosteme lineolatum",,,Dzongkhag Wise-NWFP Groups,24,200,2016,"2020, 2025",2025-2035,"Rubia cordifolia, Paris polyphylla & Daphne spp, Paris polyphylla, Diplazium spp & Elatosteme lineolatum",,,Area parsed from legacy 'Female (nos)' column. | Female (Nos) left blank because sheet 1 legacy column F is not reliably female-count data. | Species parsed from legacy 'Plan Year' column.
24,Broksar Shingmen Thuenkhen Detshen,Mongar,,Saling,,18,,2633,2019,"2024, 2034",2024-2034,,,"Plectocomia himalayana (Rey/pashi), Calamus aconthospathus (Krath/Minji) & Calamus latifolius (Drey/Khran) & Rubia",,,Dzongkhag Wise-NWFP Groups,25,2633,2019,"2024, 2034",2024-2034,"Plectocomia himalayana (Rey/pashi), Calamus aconthospathus (Krath/Minji) & Calamus latifolius (Drey/Khran) & Rubia",,,Area parsed from legacy 'Female (nos)' column. | Female (Nos) left blank because sheet 1 legacy column F is not reliably female-count data. | Species parsed from legacy 'Plan Year' column.
25,Tsakaling Gewog NWFP Management Group,Mongar,,Tsakaling,,46,,5578,2018,2021,2021-2026,,,"Rubia, Paris, Cane, Daphne, Zanthoxylum, ferns, Damroo and pouzolzia spp",,,Dzongkhag Wise-NWFP Groups,26,5578,2018,2021,2021-2026,"Rubia, Paris, Cane, Daphne, Zanthoxylum, ferns, Damroo and pouzolzia spp",,,Area parsed from legacy 'Female (nos)' column. | Female (Nos) left blank because sheet 1 legacy column F is not reliably female-count data. | Species parsed from legacy 'Plan Year' column.
26,Yengkhartsheng NWFP marketing and management group,Mongar,,Drametse,,15,,305,2018,,28/12/2022-28/12/2027,,,"Paris polyphylla, Daphne spp., Rubia cordifolia",,,Dzongkhag Wise-NWFP Groups,27,305,2018,,28/12/2022-28/12/2027,"Paris polyphylla, Daphne spp., Rubia cordifolia",,,Area parsed from legacy 'Female (nos)' column. | Female (Nos) left blank because sheet 1 legacy column F is not reliably female-count data. | Species parsed from legacy 'Plan Year' column.
27,Mangling Ragwang Chithuen Shingmen Detshen,Mongar,,Mangling,,14,,2712.55,2020,,2024-2034,,,"Cane and bamboo (Yula & bamboo), and other NWFPs; Rubia, Elatostema, ferns, mushroom, broom",,,Dzongkhag Wise-NWFP Groups,28,2712.55,2020,,2024-2034,"Cane and bamboo (Yula & bamboo), and other NWFPs; Rubia, Elatostema, ferns, mushroom, broom",,,Area parsed from legacy 'Female (nos)' column. | Female (Nos) left blank because sheet 1 legacy column F is not reliably female-count data. | Species parsed from legacy 'Plan Year' column.
28,Tsangkhar Shingmen Detsen,Mongar,,Drepong,,45,,1751,2011,2021,2021-2026,,,"Phyllanthus emblica. In addtion Cymbopogon flexousus, Rubia, Daphne, Paris polyphylla, Bamboo, Diplzium, Terminalia chebula, Diploknema butyracea, Cinnamomumu tamala and Thysanolaena latifolia",,,Dzongkhag Wise-NWFP Groups,29,1751,2011,2021,2021-2026,"Phyllanthus emblica. In addtion Cymbopogon flexousus, Rubia, Daphne, Paris polyphylla, Bamboo, Diplzium, Terminalia chebula, Diploknema butyracea, Cinnamomumu tamala and Thysanolaena latifolia",,,Area parsed from legacy 'Female (nos)' column. | Female (Nos) left blank because sheet 1 legacy column F is not reliably female-count data. | Species parsed from legacy 'Plan Year' column.
29,Ngatshang NWFP Management and Marketing Group (Deysho Cherub Dulen Detshen + Ngatshang Shingmen Duelen Detshen),Mongar,,Ngatshang,,38,,4939,2016,2024,2024-2034,,,"Daphne spp. (Daphne, dey-nap, kagatey, kagati), Rubia cordifolia (Rubia, majito, tsoy), Pouzolzia sanguinea, Lindera sp, Persea gamblei, Elastomia lineolatum, ferns, mushrooms, Diploknema butyracea, Thysanolaena latifolia, hardbrooms, Calamus latifolius, Chimona bambusa, Borinda grossa, Dendrocalamus hamiltoni, Calamus acanthospathus, Calamus latifolia, Piper hamiltoni, Paris polyphylla, Zanthoxyllum spp, Cymbidium sp, Viscum nepalensis, Juglans regia, Choerospondia axillaris, Entada rhedii, Justicia adhatoda, Parasassafra confertiflora,Tupistra nutans, Tupistra wattii,Seyshing, Pseudogingseng",,,Dzongkhag Wise-NWFP Groups,30,4939,2016,2024,2024-2034,"Daphne spp. (Daphne, dey-nap, kagatey, kagati), Rubia cordifolia (Rubia, majito, tsoy), Pouzolzia sanguinea, Lindera sp, Persea gamblei, Elastomia lineolatum, ferns, mushrooms, Diploknema butyracea, Thysanolaena latifolia, hardbrooms, Calamus latifolius, Chimona bambusa, Borinda grossa, Dendrocalamus hamiltoni, Calamus acanthospathus, Calamus latifolia, Piper hamiltoni, Paris polyphylla, Zanthoxyllum spp, Cymbidium sp, Viscum nepalensis, Juglans regia, Choerospondia axillaris, Entada rhedii, Justicia adhatoda, Parasassafra confertiflora,Tupistra nutans, Tupistra wattii,Seyshing, Pseudogingseng",,,Area parsed from legacy 'Female (nos)' column. | Female (Nos) left blank because sheet 1 legacy column F is not reliably female-count data. | Species parsed from legacy 'Plan Year' column.
30,Gakey Non-Wood Forest Product Management and Marketing Group,Mongar,,Thangrong,,9,,375.594,2020,,2020-2023,,,Cymbopogon spp. (Lemon grass),,,Dzongkhag Wise-NWFP Groups,31,375.594,2020,,2020-2023,Cymbopogon spp. (Lemon grass),,,Area parsed from legacy 'Female (nos)' column. | Female (Nos) left blank because sheet 1 legacy column F is not reliably female-count data. | Species parsed from legacy 'Plan Year' column.
31,Resa Shingmen Thuenken Nyamrup Dhetshen,Mongar,,Saling,,30,,2825,2019,,2019-2022,,,"Rubia, Piper pedicellatum, Piper longum",,,Dzongkhag Wise-NWFP Groups,32,2825,2019,,2019-2022,"Rubia, Piper pedicellatum, Piper longum",,,Area parsed from legacy 'Female (nos)' column. | Female (Nos) left blank because sheet 1 legacy column F is not reliably female-count data. | Species parsed from legacy 'Plan Year' column.
32,Bongman NWFP management and marketing group,P/gatshel,,Khar,,13,,554,2011,2021,2021-2026,,,Laniroo & Younjiba,,,Dzongkhag Wise-NWFP Groups,33,554,2011,2021,2021-2026,Laniroo & Younjiba,,,Area parsed from legacy 'Female (nos)' column. | Female (Nos) left blank because sheet 1 legacy column F is not reliably female-count data. | Species parsed from legacy 'Plan Year' column.
33,Chimong Gongphel Shingmen Thoenkey Detshen,P/gatshel,,Chemong,,16,,300,2013,"2017, 2021",2021-2026,,,"Pipla, Pouzolzia, Rubia and Thysolaena",,,Dzongkhag Wise-NWFP Groups,34,300,2013,"2017, 2021",2021-2026,"Pipla, Pouzolzia, Rubia and Thysolaena",,,Area parsed from legacy 'Female (nos)' column. | Female (Nos) left blank because sheet 1 legacy column F is not reliably female-count data. | Species parsed from legacy 'Plan Year' column.
34,Dagore Shingmen Gongphel Detshen,P/gatshel,,Shumar,,44,,,2009,"2015, 2022",2022-2026,,,"336.29 (1000 IN FIRMS) | Rubia Cordifolia, Youngjiba, Pipla",,,Dzongkhag Wise-NWFP Groups,35,336.29 (1000 IN FIRMS),2009,"2015, 2022",2022-2026,"Rubia Cordifolia, Youngjiba, Pipla",,,Female (Nos) left blank because sheet 1 legacy column F is not reliably female-count data. | Species parsed from legacy 'Plan Year' column.
35,Dezema NWFP Group,P/gatshel,,Chokhorling,,8,,84.32,2015 (2021 in FIRMS),2021,2021-2025,,,Pipla,,,Dzongkhag Wise-NWFP Groups,36,84.32,2015 (2021 in FIRMS),2021,2021-2025,Pipla,,,Area parsed from legacy 'Female (nos)' column. | Female (Nos) left blank because sheet 1 legacy column F is not reliably female-count data. | Species parsed from legacy 'Plan Year' column.
36,Gamung NWFP,P/gatshel,,Shumar,,31,,270.59,2014,"2017, 2023",2023-2028,,,"Rubia cordifolia, Youngjiba",,,Dzongkhag Wise-NWFP Groups,37,270.59,2014,"2017, 2023",2023-2028,"Rubia cordifolia, Youngjiba",,,Area parsed from legacy 'Female (nos)' column. | Female (Nos) left blank because sheet 1 legacy column F is not reliably female-count data. | Species parsed from legacy 'Plan Year' column.
37,Gonpung Shingmen Detshen,P/gatshel,,Shumar,,33,,,2017,2021,2021-2026,,,"431.5 (242.812 as per FIRMS), area missing in MP) | Rubia cordifolia, Youngjiba",,,Dzongkhag Wise-NWFP Groups,38,"431.5 (242.812 as per FIRMS), area missing in MP)",2017,2021,2021-2026,"Rubia cordifolia, Youngjiba",,,Female (Nos) left blank because sheet 1 legacy column F is not reliably female-count data. | Species parsed from legacy 'Plan Year' column.
38,Kerong NWFP Group,P/gatshel,,Chokhorling,,36,,456.41,2011,2025,2025-2035,,,"Calamus acanthospathus (Menji), Plectocomia himalayana, Tupistra nutans, Elatosteme lineolatum, Edible mushrooms, ferns, Rubia cordifolia, Thysanolaena maxima, Castanopsis indica, Neomicrocalamus andropogonifolius",,,Dzongkhag Wise-NWFP Groups,39,456.41,2011,2025,2025-2035,"Calamus acanthospathus (Menji), Plectocomia himalayana, Tupistra nutans, Elatosteme lineolatum, Edible mushrooms, ferns, Rubia cordifolia, Thysanolaena maxima, Castanopsis indica, Neomicrocalamus andropogonifolius",,,Area parsed from legacy 'Female (nos)' column. | Female (Nos) left blank because sheet 1 legacy column F is not reliably female-count data. | Species parsed from legacy 'Plan Year' column.
39,Khengzor NWFP,P/gatshel,,Khar,,37,,486,2011 (2021 in FIRMS),2021,2021-2026,,,Rubia & Younjiba,,,Dzongkhag Wise-NWFP Groups,40,486,2011 (2021 in FIRMS),2021,2021-2026,Rubia & Younjiba,,,Area parsed from legacy 'Female (nos)' column. | Female (Nos) left blank because sheet 1 legacy column F is not reliably female-count data. | Species parsed from legacy 'Plan Year' column.
40,Labar Chithuen NWFP,P/gatshel,,Khar,,20,,318,2011,2021,2021-2026,,,Rubia & Thysanolaena,,,Dzongkhag Wise-NWFP Groups,41,318,2011,2021,2021-2026,Rubia & Thysanolaena,,,Area parsed from legacy 'Female (nos)' column. | Female (Nos) left blank because sheet 1 legacy column F is not reliably female-count data. | Species parsed from legacy 'Plan Year' column.
41,Menchu pipla NWFP Group,P/gatshel,,Norbugang,,10,,59.1,2008 (2015 as per FIRMS),2021,2021-2026,,,Pipla,,,Dzongkhag Wise-NWFP Groups,42,59.1,2008 (2015 as per FIRMS),2021,2021-2026,Pipla,,,Area parsed from legacy 'Female (nos)' column. | Female (Nos) left blank because sheet 1 legacy column F is not reliably female-count data. | Species parsed from legacy 'Plan Year' column.
42,Norbugang NWFP Group,P/gatshel,,Norbugang,,28,,238.13,2008 (2015 in FIRMS),"2017, 2021",2021-2025,,,Pipla,,,Dzongkhag Wise-NWFP Groups,43,238.13,2008 (2015 in FIRMS),"2017, 2021",2021-2025,Pipla,,,Area parsed from legacy 'Female (nos)' column. | Female (Nos) left blank because sheet 1 legacy column F is not reliably female-count data. | Species parsed from legacy 'Plan Year' column.
43,Tokari Shingmen Detshen,P/gatshel,,Nanong,,17,,174.34,2011 (2013 in FIRMS),"2017, 2021",2021-2026,,,"Rubia cordifolia, Youngjiba, Charata",,,Dzongkhag Wise-NWFP Groups,44,174.34,2011 (2013 in FIRMS),"2017, 2021",2021-2026,"Rubia cordifolia, Youngjiba, Charata",,,Area parsed from legacy 'Female (nos)' column. | Female (Nos) left blank because sheet 1 legacy column F is not reliably female-count data. | Species parsed from legacy 'Plan Year' column.
44,Tomi-Zimzore NWFP group,P/gatshel,,Dungmaed,,27,,158,2015,2020,2021-2026,,,"Daphne, Amla, Rubia, Pouzolzia, Yula",,,Dzongkhag Wise-NWFP Groups,45,158,2015,2020,2021-2026,"Daphne, Amla, Rubia, Pouzolzia, Yula",,,Area parsed from legacy 'Female (nos)' column. | Female (Nos) left blank because sheet 1 legacy column F is not reliably female-count data. | Species parsed from legacy 'Plan Year' column.
45,Tshelingore NWFP Management and Marketing Group,P/gatshel,,Zobel,,31,,936,2012,"2017, 2021",2021-2026,,,"Rubia, Yongbiba",,,Dzongkhag Wise-NWFP Groups,46,936,2012,"2017, 2021",2021-2026,"Rubia, Yongbiba",,,Area parsed from legacy 'Female (nos)' column. | Female (Nos) left blank because sheet 1 legacy column F is not reliably female-count data. | Species parsed from legacy 'Plan Year' column.
46,Wongborang NWFP group,P/gatshel,,Dungmaed,,10,,10,2021,,2021-2026,,,Rubia cordifolia and Pouzolzia sp,,,Dzongkhag Wise-NWFP Groups,47,10,2021,,2021-2026,Rubia cordifolia and Pouzolzia sp,,,Area parsed from legacy 'Female (nos)' column. | Female (Nos) left blank because sheet 1 legacy column F is not reliably female-count data. | Species parsed from legacy 'Plan Year' column.
47,Wongchelo Chigthuen Tshogpa,P/gatshel,,Nanong,,54,,242.91,2009,2021,2021-2026,,,"Rubia cordifolia, Youngjiba, Charata, Daphne",,,Dzongkhag Wise-NWFP Groups,48,242.91,2009,2021,2021-2026,"Rubia cordifolia, Youngjiba, Charata, Daphne",,,Area parsed from legacy 'Female (nos)' column. | Female (Nos) left blank because sheet 1 legacy column F is not reliably female-count data. | Species parsed from legacy 'Plan Year' column.
48,Yangmalashing NWFP management group (Yangmalashing Pipla Group),P/gatshel,,Dechenling,,34,,232.694,2009,"2020, 2024",2025-2035,,,"Neomicrocalamus andropogonifolis, Elatostema species, Pouzolzia sanguinea, Piper pedicellatum, Dendrocalamus hamiltonii, Plectocomia himalayana, Calamus species, Fiddle-head fern, edible mushrooms and Rubia cordifolia",,,Dzongkhag Wise-NWFP Groups,49,232.694,2009,"2020, 2024",2025-2035,"Neomicrocalamus andropogonifolis, Elatostema species, Pouzolzia sanguinea, Piper pedicellatum, Dendrocalamus hamiltonii, Plectocomia himalayana, Calamus species, Fiddle-head fern, edible mushrooms and Rubia cordifolia",,,Area parsed from legacy 'Female (nos)' column. | Female (Nos) left blank because sheet 1 legacy column F is not reliably female-count data. | Species parsed from legacy 'Plan Year' column.
49,Ngangray NWFP Group,P/gatshel,,Dechenling,,33,,112.89,2016,"2017, 2024",,,,"Rubia cordifolia, Pouzoulzia, Thysanolaena spp, Piper pedicellatum, Oroxylon indicum, Mushroom, Neomicrocalamus andropogonifoluis, Elatostima lineolatum, Bamboo, Banana spp.",,,Dzongkhag Wise-NWFP Groups,50,112.89,2016,"2017, 2024",,"Rubia cordifolia, Pouzoulzia, Thysanolaena spp, Piper pedicellatum, Oroxylon indicum, Mushroom, Neomicrocalamus andropogonifoluis, Elatostima lineolatum, Bamboo, Banana spp.",,,Area parsed from legacy 'Female (nos)' column. | Female (Nos) left blank because sheet 1 legacy column F is not reliably female-count data. | Species parsed from legacy 'Plan Year' column.
50,Drakey Chinto Ngomen Tshogpa,Paro,,Doteng,,22,,14400,2011,2021,2021-2026,,,"Nadostachys jatamansi, Rhododendron anthopogon, R. setosu, Juniperus species, Neopicrorhiza scrophulariiflora, etc",,,Dzongkhag Wise-NWFP Groups,51,14400,2011,2021,2021-2026,"Nadostachys jatamansi, Rhododendron anthopogon, R. setosu, Juniperus species, Neopicrorhiza scrophulariiflora, etc",,,Area parsed from legacy 'Female (nos)' column. | Female (Nos) left blank because sheet 1 legacy column F is not reliably female-count data. | Species parsed from legacy 'Plan Year' column.
51,Luchu Shamu Tshogpa,Paro,,Doteng,,19,,334.068,2014,,2014-2019,,,Tricholoma matsutake (Sangay shamu),,,Dzongkhag Wise-NWFP Groups,52,334.068,2014,,2014-2019,Tricholoma matsutake (Sangay shamu),,,Area parsed from legacy 'Female (nos)' column. | Female (Nos) left blank because sheet 1 legacy column F is not reliably female-count data. | Species parsed from legacy 'Plan Year' column.
52,Yaksa Ngomoen Tshogpoa,Paro,,Tsento,,21,,202.343,2012,,2022-2027,,,"Rhododendron anthopogon (ciliatum) / setosum (Balu / sulu), Juniper spp (Juniper, dhupi, shoop), Nardostachys grandiflora / jatamansi (Jatamansi, pang-poe), Picorrhiza spp./ Neopicrorhiza scrophulariifolia (Kutki, putishing), Fritillaria delavayi (Karpo chethub), Tanacetum nubigeum (Kheng kaar),",,,Dzongkhag Wise-NWFP Groups,53,202.343,2012,,2022-2027,"Rhododendron anthopogon (ciliatum) / setosum (Balu / sulu), Juniper spp (Juniper, dhupi, shoop), Nardostachys grandiflora / jatamansi (Jatamansi, pang-poe), Picorrhiza spp./ Neopicrorhiza scrophulariifolia (Kutki, putishing), Fritillaria delavayi (Karpo chethub), Tanacetum nubigeum (Kheng kaar),",,,Area parsed from legacy 'Female (nos)' column. | Female (Nos) left blank because sheet 1 legacy column F is not reliably female-count data. | Species parsed from legacy 'Plan Year' column.
53,"Perung-Bargoenpa NWFP group (OLD NAME: Rongchanglu NWFP, Khandoma-Bargonpa NWFP Group)",S/Jongkhar,,Gomdar,,19,,287,2018,2024,2024-2034,,,"Elatostema spp, Fern, Rubia cordifolia, Paris polyphylla, Pouzolzia spp, Mushroom, Daphne spp, Viscum album",,,Dzongkhag Wise-NWFP Groups,54,287,2018,2024,2024-2034,"Elatostema spp, Fern, Rubia cordifolia, Paris polyphylla, Pouzolzia spp, Mushroom, Daphne spp, Viscum album",,,Area parsed from legacy 'Female (nos)' column. | Female (Nos) left blank because sheet 1 legacy column F is not reliably female-count data. | Species parsed from legacy 'Plan Year' column.
54,Dupthob Shingmin Detshen,S/Jongkhar,,Orong,,33,,1000,2015,2021,2021-2026,,,"Trachypacus sp. Thysanoleana maxima, Rubia cordifolia, Tupista nutans, mushroom, Deplazium esculatum, Arenga westerhoutii, Elstostema lineolatum, Pouzelziz sp. Piper mullesua and Piper longum",,,Dzongkhag Wise-NWFP Groups,55,1000,2015,2021,2021-2026,"Trachypacus sp. Thysanoleana maxima, Rubia cordifolia, Tupista nutans, mushroom, Deplazium esculatum, Arenga westerhoutii, Elstostema lineolatum, Pouzelziz sp. Piper mullesua and Piper longum",,,Area parsed from legacy 'Female (nos)' column. | Female (Nos) left blank because sheet 1 legacy column F is not reliably female-count data. | Species parsed from legacy 'Plan Year' column.
55,Pangthang NWFP Group,S/Jongkhar,,Wangphu,,69,,60.703,2018,,2023-2027,,,"Rubia cordifolia (Rubia, majito, tsoy), Paris polyphylla (Satuwa, thogsampa), Borinda grossa, Daphne spp. (Daphne, dey-nap, kagatey, kagati),",,,Dzongkhag Wise-NWFP Groups,56,60.703,2018,,2023-2027,"Rubia cordifolia (Rubia, majito, tsoy), Paris polyphylla (Satuwa, thogsampa), Borinda grossa, Daphne spp. (Daphne, dey-nap, kagatey, kagati),",,,Area parsed from legacy 'Female (nos)' column. | Female (Nos) left blank because sheet 1 legacy column F is not reliably female-count data. | Species parsed from legacy 'Plan Year' column.
56,Potala Shingmin Drongdey Nagtshel,S/Jongkhar,,Orong,,53,,1821.087,2012,2024,2024-2034,,,"Bamboo, cane, Yula",,,Dzongkhag Wise-NWFP Groups,57,1821.087,2012,2024,2024-2034,"Bamboo, cane, Yula",,,Area parsed from legacy 'Female (nos)' column. | Female (Nos) left blank because sheet 1 legacy column F is not reliably female-count data. | Species parsed from legacy 'Plan Year' column.
57,Remung Lhuendrup Shingmin Gongphel Detshen,S/Jongkhar,,Orong,,26,,,1950,2010,2021-2026,,,Yula,,,Dzongkhag Wise-NWFP Groups,58,1950,2010,,2021-2026,Yula,,,Female (Nos) left blank because sheet 1 legacy column F is not reliably female-count data. | Species parsed from legacy 'Plan Year' column.
58,Thungshing Yubephodrang Shingmin Detshen,S/Jongkhar,,Orong,,11,,1200,2014,2021,2021-2026,,,"Ringshu, Yula",,,Dzongkhag Wise-NWFP Groups,59,1200,2014,2021,2021-2026,"Ringshu, Yula",,,Area parsed from legacy 'Female (nos)' column. | Female (Nos) left blank because sheet 1 legacy column F is not reliably female-count data. | Species parsed from legacy 'Plan Year' column.
59,Denchi Non-Wood Forest Products Management Group,S/Jongkhar,,Gomdar,,19,,200,2017,,2017-2020,,,"Elatostema spp, Fern, Rubia cordifolia, Paris polyphylla, Pouzolzia spp, Mushroom, Daphne spp, Viscum album",,,Dzongkhag Wise-NWFP Groups,60,200,2017,,2017-2020,"Elatostema spp, Fern, Rubia cordifolia, Paris polyphylla, Pouzolzia spp, Mushroom, Daphne spp, Viscum album",,,Area parsed from legacy 'Female (nos)' column. | Female (Nos) left blank because sheet 1 legacy column F is not reliably female-count data. | Species parsed from legacy 'Plan Year' column.
60,Beytseling Shingmein Yargay Gongphel Tshogpa,S/Jongkhar,,Lauri,,13,,2507.34,2011,2023,2023-2028,,,"Rubia cordifolia (Rubia, majito, tsoy), Elatostema spp. (Damru, damburu, drimon, chhotey gaglota), Pouzolzia spp. (Chipley, yongjiba, yangziba or yongeebu), Illicium griffithii (Doomleeshing, wounba chinang),",,,Dzongkhag Wise-NWFP Groups,61,2507.34,2011,2023,2023-2028,"Rubia cordifolia (Rubia, majito, tsoy), Elatostema spp. (Damru, damburu, drimon, chhotey gaglota), Pouzolzia spp. (Chipley, yongjiba, yangziba or yongeebu), Illicium griffithii (Doomleeshing, wounba chinang),",,,Area parsed from legacy 'Female (nos)' column. | Female (Nos) left blank because sheet 1 legacy column F is not reliably female-count data. | Species parsed from legacy 'Plan Year' column.
61,Dungmanma Shingmein Gakey Pelzom,S/Jongkhar,,Lauri,,56,,2507.34,2011,2023,2023-2028,,,"Swertia chirayita (Chirata, latij), Pouzolzia spp. (Chipley, yongjiba, yangziba or yongeebu), Illicium griffithii (Doomleeshing, wounba chinang), Plectocomia himalayana (Patsha), Elatostema spp. (Damru, damburu, drimon, chhotey gaglota),",,,Dzongkhag Wise-NWFP Groups,62,2507.34,2011,2023,2023-2028,"Swertia chirayita (Chirata, latij), Pouzolzia spp. (Chipley, yongjiba, yangziba or yongeebu), Illicium griffithii (Doomleeshing, wounba chinang), Plectocomia himalayana (Patsha), Elatostema spp. (Damru, damburu, drimon, chhotey gaglota),",,,Area parsed from legacy 'Female (nos)' column. | Female (Nos) left blank because sheet 1 legacy column F is not reliably female-count data. | Species parsed from legacy 'Plan Year' column.
62,Kakanay Shingmein Thuenkyed Tshogpa,S/Jongkhar,,Martshala,,37,,289.35,2010,"2019, 2024",2025-2035,,,"Rubia cordifolia (Rubia, majito, tsoy), Pouzolzia spp. (Chipley, yongjiba, yangziba or yongeebu), Plectocomia himalayana (Patsha), Dioscorea spp. (Kukurtarul, bantarul, vygur, bhegur, gittha, pani tarul, ghita tarul, borangjoktang / fantang, shemphey ke), Viscum nepalense, Entada rheedii (Pangra, pangro, ngingshosha),",,,Dzongkhag Wise-NWFP Groups,63,289.35,2010,"2019, 2024",2025-2035,"Rubia cordifolia (Rubia, majito, tsoy), Pouzolzia spp. (Chipley, yongjiba, yangziba or yongeebu), Plectocomia himalayana (Patsha), Dioscorea spp. (Kukurtarul, bantarul, vygur, bhegur, gittha, pani tarul, ghita tarul, borangjoktang / fantang, shemphey ke), Viscum nepalense, Entada rheedii (Pangra, pangro, ngingshosha),",,,Area parsed from legacy 'Female (nos)' column. | Female (Nos) left blank because sheet 1 legacy column F is not reliably female-count data. | Species parsed from legacy 'Plan Year' column.
63,Lauri Gaki Shingmein Thuenkyed Tshogpa,S/Jongkhar,,Lauri,,92,,1100.46,2011,"2015, 2023",2023-2028,,,"Rubia cordifolia (Rubia, majito, tsoy), Swertia chirayita (Chirata, latij), Pouzolzia spp. (Chipley, yongjiba, yangziba or yongeebu),",,,Dzongkhag Wise-NWFP Groups,64,1100.46,2011,"2015, 2023",2023-2028,"Rubia cordifolia (Rubia, majito, tsoy), Swertia chirayita (Chirata, latij), Pouzolzia spp. (Chipley, yongjiba, yangziba or yongeebu),",,,Area parsed from legacy 'Female (nos)' column. | Female (Nos) left blank because sheet 1 legacy column F is not reliably female-count data. | Species parsed from legacy 'Plan Year' column.
64,Momring Shingmein Thuenkyed Tshogpa,S/Jongkhar,,Lauri,,48,,1369.088,2011,"2015, 2023",2023-2028,,,"Rubia cordifolia (Rubia, majito, tsoy), Illicium griffithii (Doomleeshing, wounba chinang), Pouzolzia spp. (Chipley, yongjiba, yangziba or yongeebu),",,,Dzongkhag Wise-NWFP Groups,65,1369.088,2011,"2015, 2023",2023-2028,"Rubia cordifolia (Rubia, majito, tsoy), Illicium griffithii (Doomleeshing, wounba chinang), Pouzolzia spp. (Chipley, yongjiba, yangziba or yongeebu),",,,Area parsed from legacy 'Female (nos)' column. | Female (Nos) left blank because sheet 1 legacy column F is not reliably female-count data. | Species parsed from legacy 'Plan Year' column.
65,Patpanadang Shingmein Dondru tshogpa,S/Jongkhar,,Lauri,,12,,804.39,2011,"2015, 2023",2023-2028,,,"Rubia cordifolia (Rubia, majito, tsoy),",,,Dzongkhag Wise-NWFP Groups,66,804.39,2011,"2015, 2023",2023-2028,"Rubia cordifolia (Rubia, majito, tsoy),",,,Area parsed from legacy 'Female (nos)' column. | Female (Nos) left blank because sheet 1 legacy column F is not reliably female-count data. | Species parsed from legacy 'Plan Year' column.
66,Raynang Shingmein Thuenkyed Tshogpa,S/Jongkhar,,Lauri,,15,,430.3,2011,"2015, 2022",2022-2027,,,"Rubia cordifolia (Rubia, majito, tsoy),",,,Dzongkhag Wise-NWFP Groups,67,430.3,2011,"2015, 2022",2022-2027,"Rubia cordifolia (Rubia, majito, tsoy),",,,Area parsed from legacy 'Female (nos)' column. | Female (Nos) left blank because sheet 1 legacy column F is not reliably female-count data. | Species parsed from legacy 'Plan Year' column.
67,Samten Shingmen Thuenkyed Tshogpa,S/Jongkhar,,Martshala,,37,,275.18,2013,"2019, 2024",2025-2035,,,"Rubia cordifolia (Rubia, majito, tsoy), Pouzolzia spp. (Chipley, yongjiba, yangziba or yongeebu), Elatostema spp. (Damru, damburu, drimon, chhotey gaglota), Plectocomia himalayana (Patsha), Juglans regia (Wild walnut, okhar, tago), Paris polyphylla (Satuwa, thogsampa), Viscum nepalense, Dioscorea spp. (Kukurtarul, bantarul, vygur, bhegur, gittha, pani tarul, ghita tarul, borangjoktang / fantang, shemphey ke), Thysanolaena spp. (Tsakusha, kucho, amleso),",,,Dzongkhag Wise-NWFP Groups,68,275.18,2013,"2019, 2024",2025-2035,"Rubia cordifolia (Rubia, majito, tsoy), Pouzolzia spp. (Chipley, yongjiba, yangziba or yongeebu), Elatostema spp. (Damru, damburu, drimon, chhotey gaglota), Plectocomia himalayana (Patsha), Juglans regia (Wild walnut, okhar, tago), Paris polyphylla (Satuwa, thogsampa), Viscum nepalense, Dioscorea spp. (Kukurtarul, bantarul, vygur, bhegur, gittha, pani tarul, ghita tarul, borangjoktang / fantang, shemphey ke), Thysanolaena spp. (Tsakusha, kucho, amleso),",,,Area parsed from legacy 'Female (nos)' column. | Female (Nos) left blank because sheet 1 legacy column F is not reliably female-count data. | Species parsed from legacy 'Plan Year' column.
68,Thekcho Choeling Gonpa Shingmein Tshogpa,S/Jongkhar,,Lauri,,8,,552.113,2011,"2015, 2023",2023-2028,,,"Rubia cordifolia (Rubia, majito, tsoy),",,,Dzongkhag Wise-NWFP Groups,69,552.113,2011,"2015, 2023",2023-2028,"Rubia cordifolia (Rubia, majito, tsoy),",,,Area parsed from legacy 'Female (nos)' column. | Female (Nos) left blank because sheet 1 legacy column F is not reliably female-count data. | Species parsed from legacy 'Plan Year' column.
69,Woongthi Shingmein Natshok Thuendrel Tshogpa,S/Jongkhar,,Lauri,,18,,682.49,2011,"2015, 2023",2023-2028,,,"Rubia cordifolia (Rubia, majito, tsoy), Pouzolzia spp. (Chipley, yongjiba, yangziba or yongeebu), Elatostema spp. (Damru, damburu, drimon, chhotey gaglota), Plectocomia himalayana (Patsha),",,,Dzongkhag Wise-NWFP Groups,70,682.49,2011,"2015, 2023",2023-2028,"Rubia cordifolia (Rubia, majito, tsoy), Pouzolzia spp. (Chipley, yongjiba, yangziba or yongeebu), Elatostema spp. (Damru, damburu, drimon, chhotey gaglota), Plectocomia himalayana (Patsha),",,,Area parsed from legacy 'Female (nos)' column. | Female (Nos) left blank because sheet 1 legacy column F is not reliably female-count data. | Species parsed from legacy 'Plan Year' column.
70,Zangthi-Tshothang Shingmein Thuenkyed Tshogpa,S/Jongkhar,,Lauri,,79,,4683.118,2011,"2015, 2023",2023-2028,,,"Rubia cordifolia (Rubia, majito, tsoy), Pouzolzia spp. (Chipley, yongjiba, yangziba or yongeebu), Plectocomia himalayana (Patsha), Elatostema spp. (Damru, damburu, drimon, chhotey gaglota), Swertia chirayita (Chirata, latij),",,,Dzongkhag Wise-NWFP Groups,71,4683.118,2011,"2015, 2023",2023-2028,"Rubia cordifolia (Rubia, majito, tsoy), Pouzolzia spp. (Chipley, yongjiba, yangziba or yongeebu), Plectocomia himalayana (Patsha), Elatostema spp. (Damru, damburu, drimon, chhotey gaglota), Swertia chirayita (Chirata, latij),",,,Area parsed from legacy 'Female (nos)' column. | Female (Nos) left blank because sheet 1 legacy column F is not reliably female-count data. | Species parsed from legacy 'Plan Year' column.
71,Barkalangna Shingmein Thuenkyed Tshogpa,S/Jongkhar,,Serthi,,19,,150,2013,"2019, 2025",2025-2035,,,"Rubia cordifolia (Rubia, majito, tsoy), Pouzolzia spp. (Chipley, yongjiba, yangziba or yongeebu), Dendrocalamus hamiltonii var. hamiltonii, Juglans regia (Wild walnut, okhar, tago), Thysanolaena spp. (Tsakusha, kucho, amleso), Ganoderma lucidum (Cobra mushroom),",,,Dzongkhag Wise-NWFP Groups,72,150,2013,"2019, 2025",2025-2035,"Rubia cordifolia (Rubia, majito, tsoy), Pouzolzia spp. (Chipley, yongjiba, yangziba or yongeebu), Dendrocalamus hamiltonii var. hamiltonii, Juglans regia (Wild walnut, okhar, tago), Thysanolaena spp. (Tsakusha, kucho, amleso), Ganoderma lucidum (Cobra mushroom),",,,Area parsed from legacy 'Female (nos)' column. | Female (Nos) left blank because sheet 1 legacy column F is not reliably female-count data. | Species parsed from legacy 'Plan Year' column.
72,Chitori Shingmein Thuenkyed,S/Jongkhar,,Serthi,,6,,65.559,2011,"2019, 2025",2025-2035,,,"Plectocomia himalayana (Patsha), Elatostema spp. (Damru, damburu, drimon, chhotey gaglota), Thysanolaena spp. (Tsakusha, kucho, amleso), Knema tenunerva (Puruka),",,,Dzongkhag Wise-NWFP Groups,73,65.559,2011,"2019, 2025",2025-2035,"Plectocomia himalayana (Patsha), Elatostema spp. (Damru, damburu, drimon, chhotey gaglota), Thysanolaena spp. (Tsakusha, kucho, amleso), Knema tenunerva (Puruka),",,,Area parsed from legacy 'Female (nos)' column. | Female (Nos) left blank because sheet 1 legacy column F is not reliably female-count data. | Species parsed from legacy 'Plan Year' column.
73,Risum Tsholing Shingmein Thuenkyed Tshogpa,S/Jongkhar,,Serthi,,35,,125.453,2012,"2019, 2025",2025-2035,,,"Rubia cordifolia (Rubia, majito, tsoy), Elatostema spp. (Damru, damburu, drimon, chhotey gaglota), Thysanolaena spp. (Tsakusha, kucho, amleso), Juglans regia (Wild walnut, okhar, tago), Plectocomia himalayana (Patsha), Pouzolzia spp. (Chipley, yongjiba, yangziba or yongeebu), Paris polyphylla (Satuwa, thogsampa), Daphne spp. (Daphne, dey-nap, kagatey, kagati), Girardinia diversifolia (Allo / sisnu, bhyangrey sisnu, gom jazu),",,,Dzongkhag Wise-NWFP Groups,74,125.453,2012,"2019, 2025",2025-2035,"Rubia cordifolia (Rubia, majito, tsoy), Elatostema spp. (Damru, damburu, drimon, chhotey gaglota), Thysanolaena spp. (Tsakusha, kucho, amleso), Juglans regia (Wild walnut, okhar, tago), Plectocomia himalayana (Patsha), Pouzolzia spp. (Chipley, yongjiba, yangziba or yongeebu), Paris polyphylla (Satuwa, thogsampa), Daphne spp. (Daphne, dey-nap, kagatey, kagati), Girardinia diversifolia (Allo / sisnu, bhyangrey sisnu, gom jazu),",,,Area parsed from legacy 'Female (nos)' column. | Female (Nos) left blank because sheet 1 legacy column F is not reliably female-count data. | Species parsed from legacy 'Plan Year' column.
74,Serthi Shingmein Thuenkyed Tshogpa,S/Jongkhar,,Serthi,,54,,214.484,2013,"2019, 2025",2025-2035,,,"Rubia cordifolia (Rubia, majito, tsoy), Daphne spp. (Daphne, dey-nap, kagatey, kagati), Juglans regia (Wild walnut, okhar, tago), Girardinia diversifolia (Allo / sisnu, bhyangrey sisnu, gom jazu), Thysanolaena spp. (Tsakusha, kucho, amleso),",,,Dzongkhag Wise-NWFP Groups,75,214.484,2013,"2019, 2025",2025-2035,"Rubia cordifolia (Rubia, majito, tsoy), Daphne spp. (Daphne, dey-nap, kagatey, kagati), Juglans regia (Wild walnut, okhar, tago), Girardinia diversifolia (Allo / sisnu, bhyangrey sisnu, gom jazu), Thysanolaena spp. (Tsakusha, kucho, amleso),",,,Area parsed from legacy 'Female (nos)' column. | Female (Nos) left blank because sheet 1 legacy column F is not reliably female-count data. | Species parsed from legacy 'Plan Year' column.
75,Tashithangjay Shingmein Thunekyed Tshogpa,S/Jongkhar,,Serthi,,18,,680,2012,"2019, 2025",2025-2035,,,"Rubia cordifolia (Rubia, majito, tsoy), Daphne spp. (Daphne, dey-nap, kagatey, kagati), Juglans regia (Wild walnut, okhar, tago), Thysanolaena spp. (Tsakusha, kucho, amleso), Pouzolzia spp. (Chipley, yongjiba, yangziba or yongeebu), Dioscorea spp. (Kukurtarul, bantarul, vygur, bhegur, gittha, pani tarul, ghita tarul, borangjoktang / fantang, shemphey ke), Paris polyphylla (Satuwa, thogsampa), Litsea cubeba (Siltimbur, nenshing), Tupistra nutans (Ground orchid, wang pemo, wang pem, nakima, shan khuley), Plectocomia himalayana (Patsha),",,,Dzongkhag Wise-NWFP Groups,76,680,2012,"2019, 2025",2025-2035,"Rubia cordifolia (Rubia, majito, tsoy), Daphne spp. (Daphne, dey-nap, kagatey, kagati), Juglans regia (Wild walnut, okhar, tago), Thysanolaena spp. (Tsakusha, kucho, amleso), Pouzolzia spp. (Chipley, yongjiba, yangziba or yongeebu), Dioscorea spp. (Kukurtarul, bantarul, vygur, bhegur, gittha, pani tarul, ghita tarul, borangjoktang / fantang, shemphey ke), Paris polyphylla (Satuwa, thogsampa), Litsea cubeba (Siltimbur, nenshing), Tupistra nutans (Ground orchid, wang pemo, wang pem, nakima, shan khuley), Plectocomia himalayana (Patsha),",,,Area parsed from legacy 'Female (nos)' column. | Female (Nos) left blank because sheet 1 legacy column F is not reliably female-count data. | Species parsed from legacy 'Plan Year' column.
76,Mawong Chirphen Shingmein Thuenkyed Tshogpa,S/Jongkhar,,Martshala,,40,,58.437,2020,2020,2020-2023,,,"Rubia cordifolia (Rubia, majito, tsoy), Pouzolzia spp. (Chipley, yongjiba, yangziba or yongeebu), Elatostema spp. (Damru, damburu, drimon, chhotey gaglota), Plectocomia himalayana (Patsha), Viscum nepalense, Dioscorea spp. (Kukurtarul, bantarul, vygur, bhegur, gittha, pani tarul, ghita tarul, borangjoktang / fantang, shemphey ke), Thysanolaena spp. (Tsakusha, kucho, amleso), Daphne spp. (Daphne, dey-nap, kagatey, kagati),",,,Dzongkhag Wise-NWFP Groups,77,58.437,2020,2020,2020-2023,"Rubia cordifolia (Rubia, majito, tsoy), Pouzolzia spp. (Chipley, yongjiba, yangziba or yongeebu), Elatostema spp. (Damru, damburu, drimon, chhotey gaglota), Plectocomia himalayana (Patsha), Viscum nepalense, Dioscorea spp. (Kukurtarul, bantarul, vygur, bhegur, gittha, pani tarul, ghita tarul, borangjoktang / fantang, shemphey ke), Thysanolaena spp. (Tsakusha, kucho, amleso), Daphne spp. (Daphne, dey-nap, kagatey, kagati),",,,Area parsed from legacy 'Female (nos)' column. | Female (Nos) left blank because sheet 1 legacy column F is not reliably female-count data. | Species parsed from legacy 'Plan Year' column.
77,Dephu Shingmein Thuenkyed Tshogpa,S/Jongkhar,,Serthi,,28,,282,2011,2019,2019-2024,,,"Rubia cordifolia (Rubia, majito, tsoy), Pouzolzia spp. (Chipley, yongjiba, yangziba or yongeebu), Dendrocalamus hamiltonii var. hamiltonii, Thysanolaena spp. (Tsakusha, kucho, amleso), Girardinia diversifolia (Allo / sisnu, bhyangrey sisnu, gom jazu), Dioscorea spp. (Kukurtarul, bantarul, vygur, bhegur, gittha, pani tarul, ghita tarul, borangjoktang / fantang, shemphey ke),",,,Dzongkhag Wise-NWFP Groups,78,282,2011,2019,2019-2024,"Rubia cordifolia (Rubia, majito, tsoy), Pouzolzia spp. (Chipley, yongjiba, yangziba or yongeebu), Dendrocalamus hamiltonii var. hamiltonii, Thysanolaena spp. (Tsakusha, kucho, amleso), Girardinia diversifolia (Allo / sisnu, bhyangrey sisnu, gom jazu), Dioscorea spp. (Kukurtarul, bantarul, vygur, bhegur, gittha, pani tarul, ghita tarul, borangjoktang / fantang, shemphey ke),",,,Area parsed from legacy 'Female (nos)' column. | Female (Nos) left blank because sheet 1 legacy column F is not reliably female-count data. | Species parsed from legacy 'Plan Year' column.
78,Majuwa_Pangkha NWFP management and marketing group,Samtse,,Dophuchen,,38,,175,2019,2023,2023-2033,,,"Fern, Damru, Chirata, Tupistra nutans, Patsa, other medicinal plants",,,Dzongkhag Wise-NWFP Groups,79,175,2019,2023,2023-2033,"Fern, Damru, Chirata, Tupistra nutans, Patsa, other medicinal plants",,,Area parsed from legacy 'Female (nos)' column. | Female (Nos) left blank because sheet 1 legacy column F is not reliably female-count data. | Species parsed from legacy 'Plan Year' column.
79,Namseling NWFP management Group,Samtse,,Sangacholing,,22,,720,2013,"2019, 2023",2023-2033,,,Tupistra nutans,,,Dzongkhag Wise-NWFP Groups,80,720,2013,"2019, 2023",2023-2033,Tupistra nutans,,,Area parsed from legacy 'Female (nos)' column. | Female (Nos) left blank because sheet 1 legacy column F is not reliably female-count data. | Species parsed from legacy 'Plan Year' column.
80,Bumpa Shingmin Dulen Tshopa,Sarpang,,Chudzom,,85,,11238,2010,"2016, 2022",2022-2026,,,"Swertia chirata, Persea fructifera, Litsea cubeba, Rubia cordifolia, Pouzolzia spp, Piper longum, Paris polyphylla, Tupistra nutans, Musa spp, Swertia chiraita, Thysanolaena latifolia, Piper longum, Nasturtium officianale, Acorus calamus, Diplazium esculentum, Entanda rheedii",,,Dzongkhag Wise-NWFP Groups,81,11238,2010,"2016, 2022",2022-2026,"Swertia chirata, Persea fructifera, Litsea cubeba, Rubia cordifolia, Pouzolzia spp, Piper longum, Paris polyphylla, Tupistra nutans, Musa spp, Swertia chiraita, Thysanolaena latifolia, Piper longum, Nasturtium officianale, Acorus calamus, Diplazium esculentum, Entanda rheedii",,,Area parsed from legacy 'Female (nos)' column. | Female (Nos) left blank because sheet 1 legacy column F is not reliably female-count data. | Species parsed from legacy 'Plan Year' column.
81,Doringphu NWFP Management and Marketing Group,Sarpang,,Jigmecholing,,44,,1636,2013,2022,2022-2026,,,"Rubia cordifoli, Piper longum, Piper pedicellatum, Persea gamblei, Swertia chirayita, Choerospondia axillari, Plectocomia himalayan, Litsea cubeba, Dendrocalamus hamiltonii, Thysanolaena latifolia, Persea fruitefera, Viscum articulatum,",,,Dzongkhag Wise-NWFP Groups,82,1636,2013,2022,2022-2026,"Rubia cordifoli, Piper longum, Piper pedicellatum, Persea gamblei, Swertia chirayita, Choerospondia axillari, Plectocomia himalayan, Litsea cubeba, Dendrocalamus hamiltonii, Thysanolaena latifolia, Persea fruitefera, Viscum articulatum,",,,Area parsed from legacy 'Female (nos)' column. | Female (Nos) left blank because sheet 1 legacy column F is not reliably female-count data. | Species parsed from legacy 'Plan Year' column.
82,Pemaling Pagshing Tshopa,Sarpang,,"Pemaling, Tsuzorgang",,11,,6.07,2013,"2019, 2023",2023-2028,,,"Melocanna braceferra,Bambusa alamii, Bambusa tulda, Bambusa clavata, Dendrocalamus skkimensis, Bambusa nutans",,,Dzongkhag Wise-NWFP Groups,83,6.07,2013,"2019, 2023",2023-2028,"Melocanna braceferra,Bambusa alamii, Bambusa tulda, Bambusa clavata, Dendrocalamus skkimensis, Bambusa nutans",,,Area parsed from legacy 'Female (nos)' column. | Female (Nos) left blank because sheet 1 legacy column F is not reliably female-count data. | Species parsed from legacy 'Plan Year' column.
83,Rateypani Soft Broom Management and Marketing Group,Sarpang,,Gakiling,,39,,143.8,2015,"2019, 2023",2023-2028,,,Thysanolaena latifolia,,,Dzongkhag Wise-NWFP Groups,84,143.8,2015,"2019, 2023",2023-2028,Thysanolaena latifolia,,,Area parsed from legacy 'Female (nos)' column. | Female (Nos) left blank because sheet 1 legacy column F is not reliably female-count data. | Species parsed from legacy 'Plan Year' column.
84,Sangkha NWFP Group,Sarpang,,Gakidling,,35,,313,2015,"2019, 2022",2022-2026,,,"Thysanolaena maxima (Broomgrass), Putka (stingless bee), Mushroom, Dipazium esculentum, Tupistra nutans, Elatostema lineolatum, Musa spp, Dendrocalamus sikkimesis, Wallachia denisiflora, Calamus latifolius, Persea fructifera,",,,Dzongkhag Wise-NWFP Groups,85,313,2015,"2019, 2022",2022-2026,"Thysanolaena maxima (Broomgrass), Putka (stingless bee), Mushroom, Dipazium esculentum, Tupistra nutans, Elatostema lineolatum, Musa spp, Dendrocalamus sikkimesis, Wallachia denisiflora, Calamus latifolius, Persea fructifera,",,,Area parsed from legacy 'Female (nos)' column. | Female (Nos) left blank because sheet 1 legacy column F is not reliably female-count data. | Species parsed from legacy 'Plan Year' column.
85,Tashiling Shingmin Dulen and Tsongdrel Tshogpa,Sarpang,,Jigmecholing,,9,,811,2013,2022,2022-2026,,,"Rubia cordifolia, Persea gamblei, Viscum articulatum, Thysanolaena latifolia, Persea frutifera, Dendrocalamus hamiltonii, Phyllanthus emblica, Piper longum, Pouzolzia spp",,,Dzongkhag Wise-NWFP Groups,86,811,2013,2022,2022-2026,"Rubia cordifolia, Persea gamblei, Viscum articulatum, Thysanolaena latifolia, Persea frutifera, Dendrocalamus hamiltonii, Phyllanthus emblica, Piper longum, Pouzolzia spp",,,Area parsed from legacy 'Female (nos)' column. | Female (Nos) left blank because sheet 1 legacy column F is not reliably female-count data. | Species parsed from legacy 'Plan Year' column.
86,Thuendrel NWFP Management &Marketing Group,Sarpang,,Jigmecholing,,57,,8730.23,2013,2023,2023-2027,,,"Piper pedicellatum, Rubia cordifolia, Piper hamiltonii, Plectocomia himalayana, Persea gamblei, Litsea cubeba, Thysanolaena latifolia, Dendrocalamus hamiltonii,Tupistra nutans, Viscum articulatum, orchids",,,Dzongkhag Wise-NWFP Groups,87,8730.23,2013,2023,2023-2027,"Piper pedicellatum, Rubia cordifolia, Piper hamiltonii, Plectocomia himalayana, Persea gamblei, Litsea cubeba, Thysanolaena latifolia, Dendrocalamus hamiltonii,Tupistra nutans, Viscum articulatum, orchids",,,Area parsed from legacy 'Female (nos)' column. | Female (Nos) left blank because sheet 1 legacy column F is not reliably female-count data. | Species parsed from legacy 'Plan Year' column.
87,Lower Muga Bamboo Shoot harvesting and marketing,Sarpang,,Gakidling,,28,,16.38,2014,2019,2019-2022 (expired),,,Dendrocalamus hamiltonii,,,Dzongkhag Wise-NWFP Groups,88,16.38,2014,2019,2019-2022 (expired),Dendrocalamus hamiltonii,,,Area parsed from legacy 'Female (nos)' column. | Female (Nos) left blank because sheet 1 legacy column F is not reliably female-count data. | Species parsed from legacy 'Plan Year' column.
88,Beypam Sorbang Bangtse Group,T/gang,,Udzorong,,14,,323.89,2021,"2021, 2025",2026-2035,,,Cymbopogon sp.,,,Dzongkhag Wise-NWFP Groups,89,323.89,2021,"2021, 2025",2026-2035,Cymbopogon sp.,,,Area parsed from legacy 'Female (nos)' column. | Female (Nos) left blank because sheet 1 legacy column F is not reliably female-count data. | Species parsed from legacy 'Plan Year' column.
89,Gengkhar Bangsee Group  Bangtshe,T/gang,,Udzorong,,8,,259.69,2021,"2021, 2025",2026-2035,,,Cymbopogon sp.,,,Dzongkhag Wise-NWFP Groups,90,259.69,2021,"2021, 2025",2026-2035,Cymbopogon sp.,,,Area parsed from legacy 'Female (nos)' column. | Female (Nos) left blank because sheet 1 legacy column F is not reliably female-count data. | Species parsed from legacy 'Plan Year' column.
90,Udzorong Lemon grass group,T/gang,,Udzorong,,11,,276.5,2021,"2021, 2025",2026-2035,,,Cymbopogon sp.,,,Dzongkhag Wise-NWFP Groups,91,276.5,2021,"2021, 2025",2026-2035,Cymbopogon sp.,,,Area parsed from legacy 'Female (nos)' column. | Female (Nos) left blank because sheet 1 legacy column F is not reliably female-count data. | Species parsed from legacy 'Plan Year' column.
91,Chewchew Khachap Chetrin Tshogpa,T/gang,,Merak,,6,,20,2018,,2022-2027,,,"Juniper spp (Juniper, dhupi, shoop), Rhododendron anthopogon (ciliatum) / setosum (Balu / sulu), Pleurospermum hookeri (Tangken Karpo), Tanacetum nubigeum (Kheng kaar), Ajania nubigenum, Nardostachys grandiflora / jatamansi (Jatamansi, pang-poe), Cassiopeia fastigiata, Thamnolia vermicularis, Swertia wardii, Saussurea spp (Ngochizhur),",,,Dzongkhag Wise-NWFP Groups,92,20,2018,,2022-2027,"Juniper spp (Juniper, dhupi, shoop), Rhododendron anthopogon (ciliatum) / setosum (Balu / sulu), Pleurospermum hookeri (Tangken Karpo), Tanacetum nubigeum (Kheng kaar), Ajania nubigenum, Nardostachys grandiflora / jatamansi (Jatamansi, pang-poe), Cassiopeia fastigiata, Thamnolia vermicularis, Swertia wardii, Saussurea spp (Ngochizhur),",,,Area parsed from legacy 'Female (nos)' column. | Female (Nos) left blank because sheet 1 legacy column F is not reliably female-count data. | Species parsed from legacy 'Plan Year' column.
92,Kuenphen Poina Tshokpa,T/gang,,Merak,,7,,24,2012,,2022-2027,,,"Juniperus spp. (Juniper, dhupi, shoop), Rhododendron anthopogon (ciliatum) / setosum (Balu / sulu), Saussurea spp (Ngochizhur), Pleurospermum hookeri (Tangken Karpo), Tanacetum nubigeum (Kheng kaar), Nardostachys grandiflora / jatamansi (Jatamansi, pang-poe), Soroseris hookeriana, Ajania nubigenum, Cassiopeia fastigiata, Thamnolia vermicularis, Swertia wardii,",,,Dzongkhag Wise-NWFP Groups,93,24,2012,,2022-2027,"Juniperus spp. (Juniper, dhupi, shoop), Rhododendron anthopogon (ciliatum) / setosum (Balu / sulu), Saussurea spp (Ngochizhur), Pleurospermum hookeri (Tangken Karpo), Tanacetum nubigeum (Kheng kaar), Nardostachys grandiflora / jatamansi (Jatamansi, pang-poe), Soroseris hookeriana, Ajania nubigenum, Cassiopeia fastigiata, Thamnolia vermicularis, Swertia wardii,",,,Area parsed from legacy 'Female (nos)' column. | Female (Nos) left blank because sheet 1 legacy column F is not reliably female-count data. | Species parsed from legacy 'Plan Year' column.
93,Sakteng Lhayul Sangzey Detshen,T/gang,,Sakteng,,21,,2672.401,2023,,2023-2033,,,"Rhododendron anthopogon, R. setosum, Saussurea gossipiphora, Tanacetum atkinsonii, Cassiope fastigiata, Ajania nubigenum, Thamnolia vermicularis, Swertia wardii, Nardostachys jatamansi",,,Dzongkhag Wise-NWFP Groups,94,2672.401,2023,,2023-2033,"Rhododendron anthopogon, R. setosum, Saussurea gossipiphora, Tanacetum atkinsonii, Cassiope fastigiata, Ajania nubigenum, Thamnolia vermicularis, Swertia wardii, Nardostachys jatamansi",,,Area parsed from legacy 'Female (nos)' column. | Female (Nos) left blank because sheet 1 legacy column F is not reliably female-count data. | Species parsed from legacy 'Plan Year' column.
94,Bumdir Herbal Tea Management Group,T/Yangtse,,Bumdeling,,13,,790.795,2019,2025,2025-2035,,"Namsay (1771163) - Chairperson
 Kinzang Dechen (17705611) - Secretary
 Tsundu Rabgay (17364113) - Treasurer","Viscum nepalenese, Mentha piperita, Hyparicum spp. Ficus racemosa, Acer cambellii",,,Dzongkhag Wise-NWFP Groups,95,,790.795,2019,2025,2025-2035,"Namsay (1771163) - Chairperson
 Kinzang Dechen (17705611) - Secretary
 Tsundu Rabgay (17364113) - Treasurer","Viscum nepalenese, Mentha piperita, Hyparicum spp. Ficus racemosa, Acer cambellii",Area parsed from legacy 'Area (ha)' column. | Species parsed from legacy 'Species' column.
95,Cheng NWFP Management Group,T/Yangtse,,Tarpel,,13,,430.95,2018,,2023-2027,,,"Bamboo (Borinda grossa), Daphne and Satuwa/ Thoksampa (Paris polyphylla)",,,Dzongkhag Wise-NWFP Groups,96,,430.95,2018,,2023-2027,,"Bamboo (Borinda grossa), Daphne and Satuwa/ Thoksampa (Paris polyphylla)",Area parsed from legacy 'Area (ha)' column. | Species parsed from legacy 'Species' column.
96,Longkhar NWFP management group,T/Yangtse,,Bumdeling,,12,,866.5,2018,2023,2023-2027,,,"Bamboo, Daphne sp, Paris polyphylla",,,Dzongkhag Wise-NWFP Groups,97,,866.5,2018,2023,2023-2027,,"Bamboo, Daphne sp, Paris polyphylla",Area parsed from legacy 'Area (ha)' column. | Species parsed from legacy 'Species' column.
97,Phuntshog Thingney Tshogpa,T/Yangtse,,Yalang,,10,,2.448,2019,,2023-2026,,,Zanthzyum armatum,,,Dzongkhag Wise-NWFP Groups,98,2.448,2019,,2023-2026,Zanthzyum armatum,,,Area parsed from legacy 'Female (nos)' column. | Female (Nos) left blank because sheet 1 legacy column F is not reliably female-count data. | Species parsed from legacy 'Plan Year' column.
98,Bimkhar Bamboo Management Group,T/Yangtse,,Yangtse,,49,,530.1,2020,2025,2025-2034,,,Borinda grossa,,,Dzongkhag Wise-NWFP Groups,99,530.1,2020,2025,2025-2034,Borinda grossa,,,Area parsed from legacy 'Female (nos)' column. | Female (Nos) left blank because sheet 1 legacy column F is not reliably female-count data. | Species parsed from legacy 'Plan Year' column.
99,Lengkhar Tsoy Wongbab Tshogpa,T/Yangtse,,Bumdeling,,16,,323.5,2020,2023,2023-2028,,,Rubia cordifolia,,,Dzongkhag Wise-NWFP Groups,100,323.5,2020,2023,2023-2028,Rubia cordifolia,,,Area parsed from legacy 'Female (nos)' column. | Female (Nos) left blank because sheet 1 legacy column F is not reliably female-count data. | Species parsed from legacy 'Plan Year' column.
100,Lichen Daphne Management Group,T/Yangtse,,Yangtse,,19,,41.17,2020,,2020-2023,,,Rubia,,,Dzongkhag Wise-NWFP Groups,101,41.17,2020,,2020-2023,Rubia,,,Area parsed from legacy 'Female (nos)' column. | Female (Nos) left blank because sheet 1 legacy column F is not reliably female-count data. | Species parsed from legacy 'Plan Year' column.
101,Genye Mushroom Management Group,Thimphu,,Genye,,126,,857.5,2008,,2019-2029,,,"Tricholoma matsutake (Sangay shamu),",,,Dzongkhag Wise-NWFP Groups,102,857.5,2008,,2019-2029,"Tricholoma matsutake (Sangay shamu),",,,Area parsed from legacy 'Female (nos)' column. | Female (Nos) left blank because sheet 1 legacy column F is not reliably female-count data. | Species parsed from legacy 'Plan Year' column.
102,Jom Daga Ngomen tsokpa,Thimphu,,Dagala,,82,,50656.6,2009,,2025-2034,,,"Aconitum orochryseum (Bongkar), Aconitum spp. (Aconite, tshendu, tshendug, shodu, maanchen, bish, bikma), Nardostachys grandiflora / jatamansi (Jatamansi, pang-poe), Picorrhiza spp./ Neopicrorhiza scrophulariifolia (Kutki, putishing), Rhododendron anthopogon (ciliatum) / setosum (Balu / sulu), Daphne spp. (Daphne, dey-nap, kagatey, kagati), Rubus biflorus (), Rheum australe (Amalved), Berberis aristata (Kerpakarpo), Euphorbia griffithii (Durjith), Lepisorus contortus (Drakpaypa), Polygonatum verticillatum (Raaney), Potentilla arbuscula (Penma), Selinum wallichianum, Meconopsis paniculata,",,,Dzongkhag Wise-NWFP Groups,103,50656.6,2009,,2025-2034,"Aconitum orochryseum (Bongkar), Aconitum spp. (Aconite, tshendu, tshendug, shodu, maanchen, bish, bikma), Nardostachys grandiflora / jatamansi (Jatamansi, pang-poe), Picorrhiza spp./ Neopicrorhiza scrophulariifolia (Kutki, putishing), Rhododendron anthopogon (ciliatum) / setosum (Balu / sulu), Daphne spp. (Daphne, dey-nap, kagatey, kagati), Rubus biflorus (), Rheum australe (Amalved), Berberis aristata (Kerpakarpo), Euphorbia griffithii (Durjith), Lepisorus contortus (Drakpaypa), Polygonatum verticillatum (Raaney), Potentilla arbuscula (Penma), Selinum wallichianum, Meconopsis paniculata,",,,Area parsed from legacy 'Female (nos)' column. | Female (Nos) left blank because sheet 1 legacy column F is not reliably female-count data. | Species parsed from legacy 'Plan Year' column.
103,Gangri Phunsum Ngomen Tshokpa,Thimphu,,Naro,,74,,28100,2010,2023,2023-2027,,,"Mecanopsis simplicifolia (Upelmetog), Chrysosplenium forrestii (yakima), Geranium refractum (laagang), Pleurospermum amabile (tseth), Tanacetum nubigeum (Kheng kaar), Rhododendron anthopogon (ciliatum) / setosum (Balu / sulu), Rhododendron spp. (), Juniperus squamata (Shuktsher), Nardostachys grandiflora / jatamansi (Jatamansi, pang-poe), Picorrhiza spp./ Neopicrorhiza scrophulariifolia (Kutki, putishing), Fritillaria delavayi (Karpo chethub), Rheum australe (Amalved), Podophyllum hexandrum (Lagupatra), Taraxum officinale, Aconitum orochryseum (Bongkar), Aconitum spp. (Aconite, tshendu, tshendug, shodu, maanchen, bish, bikma), Dactylorhiza hatagirea (Panch auley, wangpolakpa, wangla), Corydalis crispa (Bakasha), Onosma hookeri (Deemuk), Rhodiola crenulata (Solomarpo), Gentiana algida (Panggyan Ngyenpo), Primula spp. (Shangdril marpo), Saussurea spp (Ngochizhur), Paris polyphylla (Satuwa, thogsampa), Veronica cephaloides (Domnak domthre), Juniperus indica (Shekpa), Gentiana robusta (keechay karpo), Rhododendron spp. (), Ephedra gerardiana (draktsey),",,,Dzongkhag Wise-NWFP Groups,104,28100,2010,2023,2023-2027,"Mecanopsis simplicifolia (Upelmetog), Chrysosplenium forrestii (yakima), Geranium refractum (laagang), Pleurospermum amabile (tseth), Tanacetum nubigeum (Kheng kaar), Rhododendron anthopogon (ciliatum) / setosum (Balu / sulu), Rhododendron spp. (), Juniperus squamata (Shuktsher), Nardostachys grandiflora / jatamansi (Jatamansi, pang-poe), Picorrhiza spp./ Neopicrorhiza scrophulariifolia (Kutki, putishing), Fritillaria delavayi (Karpo chethub), Rheum australe (Amalved), Podophyllum hexandrum (Lagupatra), Taraxum officinale, Aconitum orochryseum (Bongkar), Aconitum spp. (Aconite, tshendu, tshendug, shodu, maanchen, bish, bikma), Dactylorhiza hatagirea (Panch auley, wangpolakpa, wangla), Corydalis crispa (Bakasha), Onosma hookeri (Deemuk), Rhodiola crenulata (Solomarpo), Gentiana algida (Panggyan Ngyenpo), Primula spp. (Shangdril marpo), Saussurea spp (Ngochizhur), Paris polyphylla (Satuwa, thogsampa), Veronica cephaloides (Domnak domthre), Juniperus indica (Shekpa), Gentiana robusta (keechay karpo), Rhododendron spp. (), Ephedra gerardiana (draktsey),",,,Area parsed from legacy 'Female (nos)' column. | Female (Nos) left blank because sheet 1 legacy column F is not reliably female-count data. | Species parsed from legacy 'Plan Year' column.
104,Jomolhari Ngomoen Tshogpa,Thimphu,,Soe,,40,,283.28,2012,,2022-2027,,,"Rhododendron anthopogon (ciliatum) / setosum (Balu / sulu), Juniper spp (Juniper, dhupi, shoop), Picorrhiza spp./ Neopicrorhiza scrophulariifolia (Kutki, putishing), Nardostachys grandiflora / jatamansi (Jatamansi, pang-poe), Fritillaria delavayi (Karpo chethub), Tanacetum nubigeum (Kheng kaar),",,,Dzongkhag Wise-NWFP Groups,105,283.28,2012,,2022-2027,"Rhododendron anthopogon (ciliatum) / setosum (Balu / sulu), Juniper spp (Juniper, dhupi, shoop), Picorrhiza spp./ Neopicrorhiza scrophulariifolia (Kutki, putishing), Nardostachys grandiflora / jatamansi (Jatamansi, pang-poe), Fritillaria delavayi (Karpo chethub), Tanacetum nubigeum (Kheng kaar),",,,Area parsed from legacy 'Female (nos)' column. | Female (Nos) left blank because sheet 1 legacy column F is not reliably female-count data. | Species parsed from legacy 'Plan Year' column.
105,Namther Throgmen Tshogpa,Trongsa,,Langthel,,18,,1503.004,2014,,2021-2026,,,"Acorus calamus (Sweet-flag, bojho, chudar, chudarla, bartsi), Bombax ceiba (Semal, pema-geysershing), Tinospora sinensis, T. cordifolia (Gurjo), Phyllanthus emblica (Amla, chooru), Symplocus Spp. (Pangtshe shing), Pouzolzia spp. (Chipley, yongjiba, yangziba or yongeebu), Rubia cordifolia (Rubia, majito, tsoy), Choenomeles lagenaria (Seyyab),",,,Dzongkhag Wise-NWFP Groups,106,1503.004,2014,,2021-2026,"Acorus calamus (Sweet-flag, bojho, chudar, chudarla, bartsi), Bombax ceiba (Semal, pema-geysershing), Tinospora sinensis, T. cordifolia (Gurjo), Phyllanthus emblica (Amla, chooru), Symplocus Spp. (Pangtshe shing), Pouzolzia spp. (Chipley, yongjiba, yangziba or yongeebu), Rubia cordifolia (Rubia, majito, tsoy), Choenomeles lagenaria (Seyyab),",,,Area parsed from legacy 'Female (nos)' column. | Female (Nos) left blank because sheet 1 legacy column F is not reliably female-count data. | Species parsed from legacy 'Plan Year' column.
106,Chella Zanthoxylum Management Group,Trongsa,,Nubi,,17,,0.405,2011,,2011-2013,,,"Zanthoxylum armatum (Timbur, thingay),",,,Dzongkhag Wise-NWFP Groups,107,0.405,2011,,2011-2013,"Zanthoxylum armatum (Timbur, thingay),",,,Area parsed from legacy 'Female (nos)' column. | Female (Nos) left blank because sheet 1 legacy column F is not reliably female-count data. | Species parsed from legacy 'Plan Year' column.
107,Jongthang Zanthoxylum Management Group,Trongsa,,Nubi,,30,,0.162,2011,,2011-2013,,,"Zanthoxylum armatum (Timbur, thingay),",,,Dzongkhag Wise-NWFP Groups,108,0.162,2011,,2011-2013,"Zanthoxylum armatum (Timbur, thingay),",,,Area parsed from legacy 'Female (nos)' column. | Female (Nos) left blank because sheet 1 legacy column F is not reliably female-count data. | Species parsed from legacy 'Plan Year' column.
108,Karshong Bamboo Management Group,Trongsa,,Nubi,,20,,38.85,2010,,2010-2015,,,"Borinda grossa (Baa, rhui, shee or shi),",,,Dzongkhag Wise-NWFP Groups,109,38.85,2010,,2010-2015,"Borinda grossa (Baa, rhui, shee or shi),",,,Area parsed from legacy 'Female (nos)' column. | Female (Nos) left blank because sheet 1 legacy column F is not reliably female-count data. | Species parsed from legacy 'Plan Year' column.
109,Simphu Orchid Management Group,Trongsa,,Nubi,,33,,0.061,2011,,2011-2016,,,"Cymbidium spp. (Sunakhari, olatsey),",,,Dzongkhag Wise-NWFP Groups,110,0.061,2011,,2011-2016,"Cymbidium spp. (Sunakhari, olatsey),",,,Area parsed from legacy 'Female (nos)' column. | Female (Nos) left blank because sheet 1 legacy column F is not reliably female-count data. | Species parsed from legacy 'Plan Year' column.
110,Mongpa Selwai Yoezer Tshokpa,Trongsa,,Langthel,,59,,599.94,2014,2018,2018-2028,,,"Dendrocalamus hamiltonii Munro var. edulis, Dendrocalamus sikkimensis, Plectocomia himalayana (Patsha), Bambusa clavata, Cephalostachyum spp. (Jhi, dullo bans, pishima, gopi bans)",,,Dzongkhag Wise-NWFP Groups,111,599.94,2014,2018,2018-2028,"Dendrocalamus hamiltonii Munro var. edulis, Dendrocalamus sikkimensis, Plectocomia himalayana (Patsha), Bambusa clavata, Cephalostachyum spp. (Jhi, dullo bans, pishima, gopi bans)",,,Area parsed from legacy 'Female (nos)' column. | Female (Nos) left blank because sheet 1 legacy column F is not reliably female-count data. | Species parsed from legacy 'Plan Year' column.
111,Batasey Non-Wood Forest Products Group,Tsirang,,Kikorthang,,12,,1.781,2019,2022,2022-2027,,,Thysanolaena latifolia,,,Dzongkhag Wise-NWFP Groups,112,1.781,2019,2022,2022-2027,Thysanolaena latifolia,,,Area parsed from legacy 'Female (nos)' column. | Female (Nos) left blank because sheet 1 legacy column F is not reliably female-count data. | Species parsed from legacy 'Plan Year' column.
112,Serzhong and Menchuna NWFP management & marketing Group,Tsirang,,Phuentenchhu,,20,,731.79,2021,2021,2021-2026,,,"Plectocomia himalayana, Bamboo",,,Dzongkhag Wise-NWFP Groups,113,731.79,2021,2021,2021-2026,"Plectocomia himalayana, Bamboo",,,Area parsed from legacy 'Female (nos)' column. | Female (Nos) left blank because sheet 1 legacy column F is not reliably female-count data. | Species parsed from legacy 'Plan Year' column.
113,Tashiling Non-wood Forest Products Management & Marketing Group,Tsirang,,Semjong,,15,,6.62,2020,2025,2025-2035,,,"Thysanolaena latifolia, Litsea cubeba (Siltimbur), Tupista nutans (Nakimo), fodder grass",,,Dzongkhag Wise-NWFP Groups,114,6.62,2020,2025,2025-2035,"Thysanolaena latifolia, Litsea cubeba (Siltimbur), Tupista nutans (Nakimo), fodder grass",,,Area parsed from legacy 'Female (nos)' column. | Female (Nos) left blank because sheet 1 legacy column F is not reliably female-count data. | Species parsed from legacy 'Plan Year' column.
114,Dangchu Gewog Chithun NWFPs Group,W/Phodrang,,Dangchu,,170,,3116.55,2018,2023,2023-2028,,,"Paris polyphylla, Borinda grossa, Algae (churu)",,,Dzongkhag Wise-NWFP Groups,115,3116.55,2018,2023,2023-2028,"Paris polyphylla, Borinda grossa, Algae (churu)",,,Area parsed from legacy 'Female (nos)' column. | Female (Nos) left blank because sheet 1 legacy column F is not reliably female-count data. | Species parsed from legacy 'Plan Year' column.
115,Sephu NWFP management group,W/Phodrang,,Sephu,,151,,3860,2018,,2024-2033,,,"Paris polyphylla (Satuwa, thogsampa), Borinda grossa,",,,Dzongkhag Wise-NWFP Groups,116,3860,2018,,2024-2033,"Paris polyphylla (Satuwa, thogsampa), Borinda grossa,",,,Area parsed from legacy 'Female (nos)' column. | Female (Nos) left blank because sheet 1 legacy column F is not reliably female-count data. | Species parsed from legacy 'Plan Year' column.
116,Phobjikha NWFP management and marketing group,W/Phodrang,,Phobjikha,,368,,15124,2015,,2015-2020,,,"Paris polyphylla (Satuwa, thogsampa), Picorrhiza spp./ Neopicrorhiza scrophulariifolia (Kutki, putishing),",,,Dzongkhag Wise-NWFP Groups,117,15124,2015,,2015-2020,"Paris polyphylla (Satuwa, thogsampa), Picorrhiza spp./ Neopicrorhiza scrophulariifolia (Kutki, putishing),",,,Area parsed from legacy 'Female (nos)' column. | Female (Nos) left blank because sheet 1 legacy column F is not reliably female-count data. | Species parsed from legacy 'Plan Year' column.
117,Gorgoen Shingmen Thoenketh Management Group,W/Phodrang,,Gangtey,,42,,8080.6,2020,,,,,"Aconitum lanciniatum, Aconitum orochryseum, Rododendron anthopogon, Rodhodendron setosum, Juniper leaves, Sechu shamu, Borinda grossa and Paris polyphyla.",,,Dzongkhag Wise-NWFP Groups,118,8080.6,2020,,,"Aconitum lanciniatum, Aconitum orochryseum, Rododendron anthopogon, Rodhodendron setosum, Juniper leaves, Sechu shamu, Borinda grossa and Paris polyphyla.",,,Area parsed from legacy 'Female (nos)' column. | Female (Nos) left blank because sheet 1 legacy column F is not reliably female-count data. | Species parsed from legacy 'Plan Year' column.
118,Phangyul-Kumchi Gyenkha Group,W/Phodrang,,Phangyul,,64,,1074.441,2018,,2018-2023,,,"Phyllanthus emblica (Amla, chooru), Cymbidium spp. (Sunakhari, olatsey), Terminalia bellerica (Belleric myrobalan, bar-ra, baru), Rubia cordifolia (Rubia, majito, tsoy), Diploknema butyracea (Butter-tree, yika shing, chiuri), Zanthoxylum armatum (Timbur, thingay), Pouzolzia spp. (Chipley, yongjiba, yangziba or yongeebu), Ficus spp., Acorus calamus (Sweet-flag, bojho, chudar, chudarla, bartsi), Artemisia spp. (Titey-pati, khempa), Cymbopogon spp. (Lemon grass), Mentha piperita,",,,Dzongkhag Wise-NWFP Groups,119,1074.441,2018,,2018-2023,"Phyllanthus emblica (Amla, chooru), Cymbidium spp. (Sunakhari, olatsey), Terminalia bellerica (Belleric myrobalan, bar-ra, baru), Rubia cordifolia (Rubia, majito, tsoy), Diploknema butyracea (Butter-tree, yika shing, chiuri), Zanthoxylum armatum (Timbur, thingay), Pouzolzia spp. (Chipley, yongjiba, yangziba or yongeebu), Ficus spp., Acorus calamus (Sweet-flag, bojho, chudar, chudarla, bartsi), Artemisia spp. (Titey-pati, khempa), Cymbopogon spp. (Lemon grass), Mentha piperita,",,,Area parsed from legacy 'Female (nos)' column. | Female (Nos) left blank because sheet 1 legacy column F is not reliably female-count data. | Species parsed from legacy 'Plan Year' column.
119,Rukha Nagtshel Thunken Tshogpa,W/Phodrang,,Athang,,72,,790.23,2009,2022,2022-2026,,,"Terminalia chebula (Black or chebulic myrobalan, har-ra, aru), Phyllanthus emblica (Amla, chooru), Plectocomia himalayana (Patsha), Calamus and Daemonorops spp. (Gauribet, tshim, minji, bet, tshar, tsha), Rubia cordifolia (Rubia, majito, tsoy), Piper betleoides or P. hamiltonii (Jungali pan, pani)",,,Dzongkhag Wise-NWFP Groups,120,790.23,2009,2022,2022-2026,"Terminalia chebula (Black or chebulic myrobalan, har-ra, aru), Phyllanthus emblica (Amla, chooru), Plectocomia himalayana (Patsha), Calamus and Daemonorops spp. (Gauribet, tshim, minji, bet, tshar, tsha), Rubia cordifolia (Rubia, majito, tsoy), Piper betleoides or P. hamiltonii (Jungali pan, pani)",,,Area parsed from legacy 'Female (nos)' column. | Female (Nos) left blank because sheet 1 legacy column F is not reliably female-count data. | Species parsed from legacy 'Plan Year' column.
120,Sephu Detsi Ngomen Ketshel Tshochung Detshen,W/Phodrang,,Sephu,,262,,,2024,,2024-2034,,,all high value medicinal plants,,,Dzongkhag Wise-NWFP Groups,121,,2024,,2024-2034,all high value medicinal plants,,,Species parsed from legacy 'Plan Year' column.
121,Dali Shingmen Tshogpa,Zhemgang,,Bjoka,,20,,119,2020,2025,2025-2035,,,"Piper longum (Long pipla, chaitey-pipla, pipiling), Piper spp.",,,Dzongkhag Wise-NWFP Groups,122,119,2020,2025,2025-2035,"Piper longum (Long pipla, chaitey-pipla, pipiling), Piper spp.",,,Area parsed from legacy 'Female (nos)' column. | Female (Nos) left blank because sheet 1 legacy column F is not reliably female-count data. | Species parsed from legacy 'Plan Year' column.
122,Goling Jamphel Thoenkhung Tshogpa,Zhemgang,,Nangkor,,64,,121.16,2019,2024,2024-2034,,,"Piper longum (Long pipla, chaitey-pipla, pipiling), Dendrocalamus hamiltonii Munro var. edulis, Phyllanthus emblica (Amla, chooru)",,,Dzongkhag Wise-NWFP Groups,123,121.16,2019,2024,2024-2034,"Piper longum (Long pipla, chaitey-pipla, pipiling), Dendrocalamus hamiltonii Munro var. edulis, Phyllanthus emblica (Amla, chooru)",,,Area parsed from legacy 'Female (nos)' column. | Female (Nos) left blank because sheet 1 legacy column F is not reliably female-count data. | Species parsed from legacy 'Plan Year' column.
123,Kamati Pipla Management Group,Zhemgang,,Bjoka,,19,,5.4,2016,2021,2021-2026,,,"Piper spp. (except P. longum) (Round pipla, pipiling)",,,Dzongkhag Wise-NWFP Groups,124,5.4,2016,2021,2021-2026,"Piper spp. (except P. longum) (Round pipla, pipiling)",,,Area parsed from legacy 'Female (nos)' column. | Female (Nos) left blank because sheet 1 legacy column F is not reliably female-count data. | Species parsed from legacy 'Plan Year' column.
124,Lamtang NWFP Management and Marketing Group,Zhemgang,,Goshing,,20,,42,2018,2024,2024-2034,,,"Neomicrocalamus andropogonifolius, Bambusa nutans subsp. cupulata, Knema tenunerva (Puruka), Borinda grossa, Piper betleoides or P. hamiltonii (Jungali pan, pani), Oroxylum indicum (Totola, tshampaka), Cinnamomum tamala (Tezpat, tez-patta), Thysanolaena spp. (Tsakusha, kucho, amleso)",,,Dzongkhag Wise-NWFP Groups,125,42,2018,2024,2024-2034,"Neomicrocalamus andropogonifolius, Bambusa nutans subsp. cupulata, Knema tenunerva (Puruka), Borinda grossa, Piper betleoides or P. hamiltonii (Jungali pan, pani), Oroxylum indicum (Totola, tshampaka), Cinnamomum tamala (Tezpat, tez-patta), Thysanolaena spp. (Tsakusha, kucho, amleso)",,,Area parsed from legacy 'Female (nos)' column. | Female (Nos) left blank because sheet 1 legacy column F is not reliably female-count data. | Species parsed from legacy 'Plan Year' column.
125,Ngangla Trong Singmen Tshogpa,Zhemgang,,Ngangla,,41,,32,2019,2024,2024-2034,,,"Dendrocalamus hamiltonii var. hamiltonii, Neomicrocalamus andropogonifolius, Plectocomia himalayana (Patsha), Cinnamomum spp. (Dalchini), Elatostema spp. (Damru, damburu, drimon, chhotey gaglota), Ganoderma lucidum (Cobra mushroom), Thysanolaena spp. (Tsakusha, kucho, amleso), Dioscorea spp. (Kukurtarul, bantarul, vygur, bhegur, gittha, pani tarul, ghita tarul, borangjoktang / fantang, shemphey ke), Rubia cordifolia (Rubia, majito, tsoy), Ferns",,,Dzongkhag Wise-NWFP Groups,126,32,2019,2024,2024-2034,"Dendrocalamus hamiltonii var. hamiltonii, Neomicrocalamus andropogonifolius, Plectocomia himalayana (Patsha), Cinnamomum spp. (Dalchini), Elatostema spp. (Damru, damburu, drimon, chhotey gaglota), Ganoderma lucidum (Cobra mushroom), Thysanolaena spp. (Tsakusha, kucho, amleso), Dioscorea spp. (Kukurtarul, bantarul, vygur, bhegur, gittha, pani tarul, ghita tarul, borangjoktang / fantang, shemphey ke), Rubia cordifolia (Rubia, majito, tsoy), Ferns",,,Area parsed from legacy 'Female (nos)' column. | Female (Nos) left blank because sheet 1 legacy column F is not reliably female-count data. | Species parsed from legacy 'Plan Year' column.
126,Marangduth NWFP Management and Marketing Group,Zhemgang,,Ngangla,,28,,35,2019,2024,2024-2034,,,"Neomicrocalamus andropogonifolius, Bambusa nutans subsp. cupulata, Knema tenunerva (Puruka), Borinda grossa, Piper betleoides or P. hamiltonii (Jungali pan, pani), Oroxylum indicum (Totola, tshampaka), Thysanolaena spp. (Tsakusha, kucho, amleso), Ferns",,,Dzongkhag Wise-NWFP Groups,127,35,2019,2024,2024-2034,"Neomicrocalamus andropogonifolius, Bambusa nutans subsp. cupulata, Knema tenunerva (Puruka), Borinda grossa, Piper betleoides or P. hamiltonii (Jungali pan, pani), Oroxylum indicum (Totola, tshampaka), Thysanolaena spp. (Tsakusha, kucho, amleso), Ferns",,,Area parsed from legacy 'Female (nos)' column. | Female (Nos) left blank because sheet 1 legacy column F is not reliably female-count data. | Species parsed from legacy 'Plan Year' column.
127,Shobling Singmen Tshopka,Zhemgang,,Nangkor,,64,,121.16,2019,2024,2024-2034,,,"Piper longum (Long pipla, chaitey-pipla, pipiling)",,,Dzongkhag Wise-NWFP Groups,128,121.16,2019,2024,2024-2034,"Piper longum (Long pipla, chaitey-pipla, pipiling)",,,Area parsed from legacy 'Female (nos)' column. | Female (Nos) left blank because sheet 1 legacy column F is not reliably female-count data. | Species parsed from legacy 'Plan Year' column.
128,Tsaidang Shingmenn Tshogpa,Zhemgang,,Nangkor,,30,,264.26,2019,2024,2024-2034,,,"Piper spp. (except P. longum) (Round pipla, pipiling)",,,Dzongkhag Wise-NWFP Groups,129,264.26,2019,2024,2024-2034,"Piper spp. (except P. longum) (Round pipla, pipiling)",,,Area parsed from legacy 'Female (nos)' column. | Female (Nos) left blank because sheet 1 legacy column F is not reliably female-count data. | Species parsed from legacy 'Plan Year' column.
129,Bjoka NWFP management and marketing group,Zhemgang,,Bjoka,,173,,1007,2007,2029,2019-2029,,,"Neomicrocalamus andropogonifolius (Yula or ula, ringshu), Calamus and Daemonorops spp. (Gauribet, tshim, minji, bet, tshar, tsha), Plectocomia himalayana (Patsha), Calamus acanthospathus, Calamus flagellum, Calamus latifolius",,,Dzongkhag Wise-NWFP Groups,130,1007,2007,2029,2019-2029,"Neomicrocalamus andropogonifolius (Yula or ula, ringshu), Calamus and Daemonorops spp. (Gauribet, tshim, minji, bet, tshar, tsha), Plectocomia himalayana (Patsha), Calamus acanthospathus, Calamus flagellum, Calamus latifolius",,,Area parsed from legacy 'Female (nos)' column. | Female (Nos) left blank because sheet 1 legacy column F is not reliably female-count data. | Species parsed from legacy 'Plan Year' column.
130,Mamung Bamboo Management group,Zhemgang,,Phangkhar,,16,,38.63,2019,2024,2025-2035,,,"Neomicrocalamus andropogonifolius, Dendrocalamus hamiltonii Munro var. edulis,",,,Dzongkhag Wise-NWFP Groups,131,38.63,2019,2024,2025-2035,"Neomicrocalamus andropogonifolius, Dendrocalamus hamiltonii Munro var. edulis,",,,Area parsed from legacy 'Female (nos)' column. | Female (Nos) left blank because sheet 1 legacy column F is not reliably female-count data. | Species parsed from legacy 'Plan Year' column.
131,Panabe NWFP Group,Zhemgang,,Phangkhar,,17,,22.67,2019,,2023-2027,,,"Dendrocalamus hamiltonii var. hamiltonii, Piper spp. (except P. longum) (Round pipla, pipiling),",,,Dzongkhag Wise-NWFP Groups,132,22.67,2019,,2023-2027,"Dendrocalamus hamiltonii var. hamiltonii, Piper spp. (except P. longum) (Round pipla, pipiling),",,,Area parsed from legacy 'Female (nos)' column. | Female (Nos) left blank because sheet 1 legacy column F is not reliably female-count data. | Species parsed from legacy 'Plan Year' column.
132,Pongchula Pema Choling Tsharzaw Group,Zhemgang,,Phangkhar,,16,,50.22,2015,,2023-2027,,,"Bambusa spp. (Mugi bans, dhanu bans, chile bans, pagshing or pagshi, mal bans, jhushing, jushi or gren, taru bans, shingaray or bangay bans, katha or valka bans),",,,Dzongkhag Wise-NWFP Groups,133,50.22,2015,,2023-2027,"Bambusa spp. (Mugi bans, dhanu bans, chile bans, pagshing or pagshi, mal bans, jhushing, jushi or gren, taru bans, shingaray or bangay bans, katha or valka bans),",,,Area parsed from legacy 'Female (nos)' column. | Female (Nos) left blank because sheet 1 legacy column F is not reliably female-count data. | Species parsed from legacy 'Plan Year' column.
133,Salapong NWFP group,Zhemgang,,Phangkhar,,20,,21,2019,2024,2025-2035,,,"Piper longum (Long pipla, chaitey-pipla, pipiling), Bambusa spp. (Mugi bans, dhanu bans, chile bans, pagshing or pagshi, mal bans, jhushing, jushi or gren, taru bans, shingaray or bangay bans, katha or valka bans), Phyllanthus emblica (Amla, chooru),",,,Dzongkhag Wise-NWFP Groups,134,21,2019,2024,2025-2035,"Piper longum (Long pipla, chaitey-pipla, pipiling), Bambusa spp. (Mugi bans, dhanu bans, chile bans, pagshing or pagshi, mal bans, jhushing, jushi or gren, taru bans, shingaray or bangay bans, katha or valka bans), Phyllanthus emblica (Amla, chooru),",,,Area parsed from legacy 'Female (nos)' column. | Female (Nos) left blank because sheet 1 legacy column F is not reliably female-count data. | Species parsed from legacy 'Plan Year' column.
134,Zangbe shingmen Duelen Dang Tshongdrel Dhetshen,Zhemgang,,Phangkhar,,11,,26.2,2019,,2025-2035,,,"Neomicrocalamus andropogonifolius (Yula or ula, ringshu), Dendrocalamus spp. (Pagshi, tama bans, choya or ban bans, leeshing or gugsho, soo, bhalu or kalo bans, zhang, dhungre bans, demtshar or dem chherring, zang, guliyo tama bans, su or pagshi, rachhasi bans), Plectocomia himalayana (Patsha),",,,Dzongkhag Wise-NWFP Groups,135,26.2,2019,,2025-2035,"Neomicrocalamus andropogonifolius (Yula or ula, ringshu), Dendrocalamus spp. (Pagshi, tama bans, choya or ban bans, leeshing or gugsho, soo, bhalu or kalo bans, zhang, dhungre bans, demtshar or dem chherring, zang, guliyo tama bans, su or pagshi, rachhasi bans), Plectocomia himalayana (Patsha),",,,Area parsed from legacy 'Female (nos)' column. | Female (Nos) left blank because sheet 1 legacy column F is not reliably female-count data. | Species parsed from legacy 'Plan Year' column.
